name,id,price,hash,rarityScore,rarityRank
Naru 06190,6190,1000000000000,QmasrpQKfz16EyS11SBEkW5E9NgbYj4Wf55v8m8GMamVLp,39996,1
Naru 08570,8570,,QmViBhUiSNBA8HMBKkUHgHYpjkxGRFusgFxxtgkwZWXTvL,39996,1
Naru 00125,125,,QmSncmh2bTAkxfWpCR1EQvoGccNwLC8PezVj7RVfdsarbe,39996,1
Naru 00985,985,,QmVUDGdmZVWGaRczY7ScMTtrnHJXgTiFFSD56TTgnBiUjQ,39996,1
Naru 06426,6426,,QmaP1nkBnoqbK8aHxSEcVgFbMM7TogeZX9FA2vWMG5i1fL,39996,1
Naru 00556,556,,QmZY5AReZZzztRbJQ5TktYbZP964jVzCzrYMwc6x5sXGqG,39996,1
Naru 03501,3501,,QmbEDWjMN5NPE1Yb2hNjf84rVFukdmkS3g28hiy1JArvZC,39996,1
Naru 02246,2246,,Qmc5u5FRdAS5iqKaeagGpC3R7rB5s3MaKX2vj2h9PAdzqV,39996,1
Naru 03863,3863,,QmUT6b1TcH7h9WiJNdHQcowHqzx2x7h2AqyMaER8uZvHP6,1058,9
Naru 08553,8553,,QmNzsfqGstFc7mYZTRKmmBPzsugQr1y8UHeR5w5eFzdVSk,1028,10
Naru 04266,4266,,QmQPgzCWk8rTgsoXbiFkQbxb11SXjG1LuSSJBz9uDHU23g,1003,11
Naru 07767,7767,9999000000,QmeQbda3Urzh4GjLZGZzoKg5mjQ6hKgeVyu5TSwpuLr5B8,963,12
Naru 02241,2241,,QmZwLB2YEVNzLPLtd2jWUWWEqDTJfk6Qa2fLHeXuDzezUd,943,13
Naru 03987,3987,50000000000,QmeJdSatgL7iMfCYeWjy5Cn1WQoZGJXYh4BAsdmy25NF4C,914,14
Naru 07891,7891,,QmQMc5CyECtD1PV7mFMcpMvf4Q2qYzNJj94k1PpA7za9MP,904,15
Naru 00319,319,,QmSmUXDpvhpggyiNgWcSo2XB46wPrEp1qv6KVPP1yZrcRF,902,16
Naru 01650,1650,,QmUKHx4apZPd1Ww3sE2gwjPHdDU3Y8AEX5abe9dGuz6s5w,897,17
Naru 08717,8717,,QmZgygs8TXoDTm8XYTMQ267NCtBP1qhBU6mM4j3STWD6Y3,874,18
Naru 02833,2833,,Qme9nXGgpgsFxiqF88iyLcs1kKCK3cTPseaVtD7vm4gQvq,871,19
Naru 05395,5395,,Qma6DJ1zaWFSPseGCcWxzvQqiNihUszpDmzq78Kx2UxdxT,863,20
Naru 08616,8616,7250000000,QmUvoxGxbHRoMnDpz1Q9NLB5Vnjq3sJcQBM9GMgUpVMz1G,840,21
Naru 09158,9158,,QmYHwLG9ea9tQpFGyAxR3VKeiGxzHrDx854LYMsiumSWQ2,835,22
Naru 05384,5384,,Qmc9Xp7QjPvdtXSpHTb9hV3gjphsxEWPm2YDX2SBpw5q4Z,825,23
Naru 05440,5440,22500000000,QmZuWidXDHVtK8R5U4oBaF9REcTb1UoF5wdDCC83eNANX5,817,24
Naru 00391,391,,QmVMAJJ6hLUxANLJ2QdE8ubBvpS6LCy9hLX5SL2cSLWgDK,807,25
Naru 02590,2590,20000000000,QmbFMkbfY7YDrpsV86Aoui7cycuyF6QQwU8jcLzaXrKN1q,799,26
Naru 01910,1910,,QmXjLaWVpkwrHdhSGF3Jy8RkuX2GcNKLEi3ojS4xffADD6,790,27
Naru 01169,1169,,QmTf41tfsY69HPJnWm4PH5PhqiDKZLoX6TCNW6r3TrzpC2,774,28
Naru 08154,8154,46669000000,Qmca3T3gsCGkBSx2SdFe8p6TpMLAAXsxkLcPrqcK9HahZQ,767,29
Naru 07734,7734,,QmcVWEjnJcbh8Puy6kLuNGaNpQnaejiWQKT4JR1uBDV7o3,765,30
Naru 04579,4579,,QmVGcJX5jdHMN7od7by6hfescMSXZdkr6XmUFMx3jH6qki,765,31
Naru 05175,5175,,QmU67ThoWMBAhM8jUUeZjncFtYMnsnc8hdzvcaohzzfxJN,762,32
Naru 06221,6221,,QmYG26uYB4qewjXeadTWcMrhY2dWZt59k5cayhPEETFWPN,760,33
Naru 05508,5508,,QmdR5Ey4WSwnZ4MDAyf42soM9pLgmVfnw2oVHKjtGuasRi,760,34
Naru 02715,2715,,QmQMnPdrxza1C7uSSKWJtxUmCEYa3TspUbapcLbfkuwBoN,760,35
Naru 09651,9651,,QmeaXGUpFb11adsxs3H6vuWxu1uLH5msijC6jbdnrodhRC,755,36
Naru 02857,2857,,QmNoHP5rYWvtDFgaz6r9a1GcdrvWPtsaN9panKJYaQkMZt,753,37
Naru 08686,8686,,Qmb6EcFRJyVpkCyoFhYWi4ZMuaasGP72GCce3JpAZrh2bD,750,38
Naru 08825,8825,,QmVF3i6iYUExEBJxTJJrtY9SdYuqUDyErXrkkKWNaoDQTs,744,39
Naru 08408,8408,,QmU2KXsKa3dhRLZJBrprpvQ6z7VNi4kijca1jaxJi6LsHv,740,40
Naru 06131,6131,,Qmc9LiqxEoxq1ddmr1r6QVCXB3wGKxpH15ro1fVNdc8GJP,737,41
Naru 07353,7353,,QmRCKjySAUyRwRPdQWBLwmPZJNjpspLE4cKCKxCAyQ5EQY,735,42
Naru 03003,3003,6999000000,QmWPR8tKFdPgDahjio5ePEisCg3UT9DhkkUMTp4whHUsnu,733,43
Naru 06924,6924,,QmfG4it5CkijtRB3FfujUz2QqpB9J7XG1AegLx2e6aobk3,731,44
Naru 02397,2397,,QmRhzKt1vJyEFEzGpYJ3qa32dFeeE12Ah56tGYeUR1aDxq,728,45
Naru 00786,786,,QmWHapupf4QNAKrzMpNF1kvJZMjQKe9nfuwso6a2mZ8ngC,725,46
Naru 04978,4978,999999690000,QmUtAMDui8p1iiEeVFgyN55WuYfu1Da9XBMVmxaUQcqq2f,723,47
Naru 03481,3481,,QmUdSTPuqfNFaZxN6wguBU3j5sf3DsGgtEdCYwGJ11kDDC,723,48
Naru 08791,8791,,QmaLCN1y3oWRmHNaDuvRCh3hYW8hceugoHgSayxaZ9kYMj,721,49
Naru 01298,1298,,QmWnrQChTVZT2X9UtfPUwuL2crbbFXfrzbbKPHZq6QLv22,716,50
Naru 05237,5237,,Qmci6BRfJ57zW7ysmPBEwrbBkNgB112bk6NTnQzyPUjRNi,715,51
Naru 07372,7372,,QmPnZcb74GtjZt2BADFggdVd5mhqHHpSzA7fakFb4WzAsF,712,52
Naru 09333,9333,,QmdiYi2bVvSVkzXiekcw4za1ec7kpbekz76T6zPSUrnFyE,709,53
Naru 03432,3432,,QmYfkzKX198xtAcit2UwAVjLpQyTeivbta1Ue4RWfFANtJ,708,54
Naru 09664,9664,,Qmas511fXBnhd9ERWqYoBicTwGyfCauXDHrSJ8Ev5RK7LH,704,55
Naru 03062,3062,,QmWbRswsUduWre3Zug3jQEaM91qDxtagD53sJusubRZfA6,703,56
Naru 02056,2056,,QmPJxLR9wk8Jqoraaf4xNqsizUHtNdhdEUCKMBRTesb5rK,702,57
Naru 00425,425,50000000000,QmdjYXz4uYQq8p63PDFn6KHbqZ9fHak2gVP1iL7qLDYso7,699,58
Naru 08569,8569,,QmZgYQxMpxzQjBxSEr7zj5rQsLb1BtXGofcHf2ZhQ3yCNy,694,59
Naru 07148,7148,,QmYAcXTa9afH2g35qjkqut44A1nwRANZm56T2y2V3mJbZc,693,60
Naru 03671,3671,,Qmcj1wLY1qKbfvpKhLcorLMCgqjzzZRo59ERXykZ6JKCsB,689,61
Naru 02853,2853,4600000000,QmT3KZZMEa12T59SqeAR9FtPZtkFW9TCchKM56At47epJ1,688,62
Naru 05272,5272,,QmakJMpjSEYzVYfpk4WRNHNrjsMHU4B8GXSCMBwkRgZEMR,685,63
Naru 03569,3569,,QmZFPH61Yy1HfSo399osqXKE7ir2sY5e1zoDdsVXeT1gBK,684,64
Naru 06579,6579,,QmYY48jQrgEVYPMWeU4Rn1VLNuqQqR6u99y8JUN8yupfpy,684,65
Naru 04587,4587,,QmeS3SoCUDTGpLyvaugQLM2MMaqM9atBdxYbADfsx3dDjR,683,66
Naru 04641,4641,,QmVjaxtZY8y2rA92PtS7CvWEhoXHxKURdKE2Acz3UquAot,681,67
Naru 04405,4405,,QmTQxqy57o5gFxdLVjd65MVabqbmMuN9ey3zHryr2xLxoq,678,68
Naru 00552,552,,Qmeopdn4jKSbLNskk8pFBPvz1R5FmPnqcRQhSBeE45HhVJ,677,69
Naru 04771,4771,,Qmb419Rmc2QaEqFjvgedghNNx7X8PMHn91QCoExXGBNfeo,677,70
Naru 04723,4723,,QmZMUuhrVE6RUSbzYKu35wUUBnuNQacZ43bJjSWfo9pGyC,675,71
Naru 09072,9072,,QmWg5r5Ak46mPMoM5eXDvJeFTbPdYAeVKhxAycxSMQDS4G,674,72
Naru 02687,2687,4500000000,Qmc7dZbNaoruBTG9ZxQQTtGBunX9iph8Um414ehTF6e2DE,674,73
Naru 09007,9007,,QmYazSMhx7UTEbLcNh6282sAUQpJTJ7g4n5cj628yx9mZd,673,74
Naru 06108,6108,24999000000,QmRbEn4WhACLNnzd67wSMoMHsAFMiJ4JCkscicTUW1TTq6,672,75
Naru 03751,3751,,QmcLGAMkqX8Y9xrWRKSdDKWwia5KgPK4XQSAi1favRDJ46,670,76
Naru 07162,7162,,Qmdxzk6Stfv2TzkdkGU78aBgy8NxaD43N8yDszSWAzxQnG,670,77
Naru 03293,3293,,QmTAAL6KdtR9qK8MWmBxJFkq3RkE8tdw1RmcRW5a5onCBy,669,78
Naru 04051,4051,,QmaVyM83wavBZtNhysnNL4WSpheMFj81pU8Tn3Xcc1Riug,668,79
Naru 02671,2671,,QmZTQNjHaXXLVCUU4UJxMpafnSabgNKQ6kHXTbYJKfEKgS,663,80
Naru 01786,1786,,QmRFS1x3wHdSqAG94NbyqkyLceHfffBWBMqvisghot9Zy4,660,81
Naru 06998,6998,,QmUWgi6AFqHiuLoVUWfebC1h6K7SA5mCkSrAdcg2SJ2kBS,659,82
Naru 04464,4464,9999000000,QmcmeiRE5uvSbjd9pAJpAUGBJhNSj9J6aCz7oxTw1TSJqj,659,83
Naru 09757,9757,,QmQgFBvxjNrpYDcwqVtiUj9E32jFt7TCgybjkn2Yu65oga,656,84
Naru 09881,9881,4443000000,QmcsmqmHiNTeHMt9K91rSY8fzB5ehYG8QXk6akzFGQTaBL,654,85
Naru 03796,3796,,Qmd6X6QZsCFbsthCtEcB3jgojrxrep3DGoMXHDZ6ahCtBC,654,86
Naru 06402,6402,4000000000,QmUwtLZ3bPpcCndGcipgMzsbBp2kg8AS9ypjzVC92pcFWT,652,87
Naru 09438,9438,,Qmf9sXCE3nrBuZej1Jv6tG34u4dSMUNWnc4HmFaNgtUEaT,651,88
Naru 01088,1088,6500000000,QmRVWm4Qfh6P8TvzvZz8v8NroH9x4Yw33ckShdKBDAqesj,650,89
Naru 03728,3728,12000000000,QmbWiYiv3qVFbPL1nK9GfhVQnVCqskmxKC14dtX3wkPCyV,649,90
Naru 07214,7214,,QmVVq3gLocwBXBY5XCYMoBg4qSHsZmSZegWdgrbNzXgXtq,649,91
Naru 06169,6169,,QmbSyNf2Ps2b27PTAXcJuDtaFBJUdC5yx7aXMPLXi4UCbc,646,92
Naru 03680,3680,,QmWWERyuqG16XmYD9WA7oRodoBep2bVJXUW9XXJwMMZWAt,645,93
Naru 01665,1665,,QmczuMg9ugPN71Ayq52z9TqcY9G5uvCPGax7jjRAqEJmsT,645,94
Naru 04934,4934,,Qmd3Uocd3pRskYZUSGPz6b4FVC2BDxfh4qKTArH8mshAVm,645,95
Naru 01847,1847,,Qmc7cwawDwENGfku19u9q7ehqsCpY9Tyd5697wGdLMqVSC,644,96
Naru 05621,5621,10000000000,QmZ2fQZWw2xLhRUsSbZo7oDyjbRFVbmLHTv8X1AEMHt89Z,643,97
Naru 02073,2073,,QmQQB89hxT4zZiAbywDdx6rvKqgsJ1EZtfa9BQAbhmUc3V,643,98
Naru 03734,3734,,QmRCpvyrifakTCtD6Max26n3E6eLdnrkXQH8rpSNm5FmL8,642,99
Naru 07980,7980,,QmTb6Lg7wujGc3MCbdaQ5JrG5s1Vu4SKjuWYzoxPUS618s,642,100
Naru 06418,6418,,QmZFm2WRWZGUtFHEzxdhoDY9CZh6CRvxyvKsc5yuJFNKyq,642,101
Naru 02188,2188,,QmePR5a4sxtX4uBzkL9fKsSQMWseMC2JEq5J1eyowQzp9V,642,102
Naru 00211,211,3300000000,QmdqHKopsy6EVDyFRuKgZxJrWiTPP9EFtq8f4nMNyruQzv,642,103
Naru 04280,4280,,QmYFnfi3VdhuTfifUEeYvT9Lq6hsemRnyyhud8NTqxtSZQ,640,104
Naru 00454,454,,QmNS3Vae8oPLQ4W6CLBG6ZF2oMaEpvzmNZdEsy4UvCSTjJ,640,105
Naru 09711,9711,,QmP3sLbvDTm2NFdkHz8YBDQKARNsP8HGwb7CHVEV6KKgUM,639,106
Naru 09652,9652,,QmcuTJnxEvij5YYxkPySqE5ZGBfzX6kyQWEwCthJGiNoxt,638,107
Naru 01035,1035,,Qmbub98c1XCEysZ8TaSTX3RqNrpsZcnsgxgxuNASpWRMXg,637,108
Naru 04230,4230,,QmVZ82AW4zR9fPRino2Eyw2aC8sbSmBAsgTZbirR89UbdS,635,109
Naru 07769,7769,,QmQogUoYnwfm8ncvPWnhwyYHVMXbGdWEgjmMhSvbcAtpAJ,633,110
Naru 07072,7072,,QmWr97SEJs8ubfab1pTL1B9agH2X18eV1aEgKEApcq466i,632,111
Naru 01343,1343,,QmUNDwe1MCEEqGY71Q3vCmGz8qcdragrQqUkXDvsPCt4Ga,631,112
Naru 01000,1000,,Qmbn5uD9SgdBejVctcWdcSu97eBWipd3FntfVDZx89UusU,630,113
Naru 06580,6580,,QmaRbJxU3rp38jZ23Test2gvD3gbRkxeQHbTgW6wuwna3E,629,114
Naru 04439,4439,,QmNoLb1PnwEfLcdL3UYk1s4fEihikxk6TqnpFDz6cJg35y,628,115
Naru 05130,5130,,QmaPToZVmhvf2URhDTJzy2f8ryV2fkNmR4YhAtdyHFW9m1,628,116
Naru 02269,2269,,QmVLmkUn4ZbZ7LdRJJKnZgYt5zG56EiMogwM3NdivgZMiV,626,117
Naru 04995,4995,3495000000,QmZpYRg7PYeXCF2q3GdyXiBe5BdUzPetM1inRbbnTfELBx,624,118
Naru 08624,8624,,Qma4AadZYBeFmF3meWP6WRB2ivK5UGJpbFUC8aQPqLa6J6,622,119
Naru 07115,7115,11998990000,QmYRtd5jeXfGuHRWXVYjcfeJLs42iZcAnG4qBFXkN8G7Dj,621,120
Naru 00046,46,,QmQZbLmfxTpHc82tJbyM8zpMQiys2GhNhGXxpSxBnGGYHk,621,121
Naru 02951,2951,,QmPRPmFAp1vNjnhRxSpKyZyx55VsCDs8BXKEPxxDupqPbm,620,122
Naru 06278,6278,,QmZUn71exzPYGwdufeQZecUmagYS3fbL3VCn6dPDA6ka5f,619,123
Naru 03101,3101,,QmT6PZdnPTQUeBgfxWvrcARTwKTa9WAynS4V3QSyCGXYzF,616,124
Naru 08414,8414,,QmSrcDXiVX1WAb9KmLQUGRSUhzzZFYA24QTwYQWhSTD2P2,616,125
Naru 06582,6582,12500000000,QmYV54onFZuGen7hyW6Z65ERF8TdebT8Z46SgEf2zgmdPU,616,126
Naru 00748,748,,QmbXZob6suMXb9rXhpZ1gFvUSNj6iF5m7kJ1TjaHNkpvR6,615,127
Naru 07510,7510,,QmP2TjSHZZS1ioPdNu8n7AdxtESL7fwoH4wM6y93seZ9ZM,613,128
Naru 05348,5348,18000000000,QmWWeTF4KrvRYgQznRxPPZ3xjJcw3Tk8JNG4Xn1Qw2m6hS,610,129
Naru 08213,8213,,QmZ2dRtscvB2nNETbZ9DZEt1GtpVNi6uxLGvoKsx25r4gF,609,130
Naru 06247,6247,,QmRF7wjf71dxZ1wTuJdeptPHVmpPvaJLv1a11mKkuWYJQT,607,131
Naru 07306,7306,,QmVksazadcjZf9kPHkiRsw3avfx8nT4pmAuToDH5KsYCe1,607,132
Naru 03255,3255,,QmeeYxmM3UmcMZ6nKiBrVmDHHPeDG7vEb2LRTJW4SaKwPg,607,133
Naru 05883,5883,,QmQyYErQaFjwRP9G5o6k114Kt1hNnNMihAd8NAKJqy8gbM,607,134
Naru 08278,8278,,QmNc2SNFFwCJPnjgnhHn1d3336Vg3CadABKJZCimqfUvXf,606,135
Naru 04080,4080,,QmbSYEpKrv4H423ZuenDDiwfRWmktEeRCVFhzy2jkd7o4z,605,136
Naru 00242,242,,QmVGYq1UKCpz9X4Ac7gmyni1ZmpWpvACybJcZaDktMtFw2,605,137
Naru 04384,4384,,QmZRBULTgNMJsydj1H2BSDybCto8ZoqV95DWtRWzR8wtGG,605,138
Naru 06636,6636,,QmVd4z31yLutAcXxUgUdcaj756iqWebTcKwMrxe6yP2LUM,603,139
Naru 02836,2836,4500000000,QmecDPGHwQMeNWpccvQ7rhnJWTm1SAg2GHm5cGQNEKL3Uk,600,140
Naru 02501,2501,,QmPi3jxfbR24nMDfdWrUM8cadcDhLbA55Y3S7CwX9cpfXQ,596,141
Naru 00115,115,,QmUQok16WHQLLQC35K9WQxPdtxFXfGgrCDHSrCTyX5toDL,596,142
Naru 08160,8160,,QmZSJvLGTVMW3zyXG9K7UsZPgrrKVKSntNqgRCvFJpjpez,595,143
Naru 05451,5451,,QmaeeY3qoXN6q2LdAwpCS3VoCAQ8w2WqsV1N5nnX5E7X1n,594,144
Naru 04199,4199,,QmTB97KTbFYejHkaV2TrkWiWNThJ31Cu7fjKEjQuCUWgwv,590,145
Naru 02346,2346,,QmbhVcTkAu4sv1tRSK6Gqjpi57vXaGgAUseyW2xuGqVkuo,589,146
Naru 04987,4987,,QmcyoXacmUCCcWFfGJ7EXNF9c4ML8D7eLEPr2av4bwvS8A,589,147
Naru 02124,2124,,QmfL1VjRR7io6KAd3jtBug4oCt1vMjq5SfmQJx9QrEThVy,587,148
Naru 09399,9399,,QmWbHBxNUu21titRwrPYrFCnYagBeeqDwZJYm2zHoNGiu4,586,149
Naru 05455,5455,,QmTq4GRA7dfRrGRMCbNjZYvqGqKmPvkqQX11FCWwB4QxNE,586,150
Naru 06810,6810,,QmQbN5vLCxXDyoWLHG54yCeBsafmN1RuF1DHhi44sg92Z8,586,151
Naru 02959,2959,,QmNwCYVQqDocwTatZKUvmyAPHHu9jNRrLpYmvBaNipZz6g,585,152
Naru 05864,5864,,QmZi2BfXKTk7Z6GqEXipgxqJp829NAgTpHQuzPonBks2JF,584,153
Naru 08193,8193,4000000000,QmZL2pE5SVdnR9gZLFt6QwePpNwe11h4ZmxMrjMjbMbL7f,584,154
Naru 04455,4455,,QmZoeNLGNzKBpAEQ7ffDNKBPcVioanV5C3BjyFA8UQ7HtC,583,155
Naru 01023,1023,,QmaHtEyuBy6jVCXEy96wYnwivErr55JwHUGxkVLLjNPR7y,583,156
Naru 09902,9902,,QmXPCCniKY2PHmreAF5TQim6Skf7oY9iNEABw3EmQZBe8M,583,157
Naru 00069,69,4000000000,QmRpEzymC7UQm8pEy1gRyEku7nUJgmQHKkoKvHx5NRv1if,582,158
Naru 07683,7683,,QmPxvsq3cxhj9sKqGwWykbMuYChNW8epbhjSfyue3coTXz,580,159
Naru 07536,7536,,QmSjYjRSv6DziyyzrtiSSUb3WqenJCLMSHkGs6oVgYUEhG,580,160
Naru 03774,3774,,QmQWk9YKdrwbktJZF5vAcqpXDJ4cQ44rucKjoDTPz7tKtR,579,161
Naru 08032,8032,,QmQueo9vuPghTsXdsi19XyAoy4Z5GeCevhkbzStQ1ZRE3i,579,162
Naru 09851,9851,5555000000,QmcVsYKtJC61BgBXWd9vEKErGFNjYzgEvDrcZ4zVQRKfgo,578,163
Naru 05814,5814,,QmXPQi29NxjD6KofcAKt5HsL322y9dW1TAJYQ9NBiQmKEk,576,164
Naru 03816,3816,,QmNyDPYZS1hNC6JePziXWpCtUKeMDkyk3EnssFzc35HpEo,576,165
Naru 03203,3203,,QmdayFuRQz9qeM2qqmBYTZYLh9T1bHaqjmRPD85kDUhG9C,576,166
Naru 08151,8151,,QmeqWhxdw3gnE5Ji8qeYPALSh3KpxBbyFwjULkxsS37ZFV,576,167
Naru 00055,55,,QmRumTUxFbnYvgb1fGzbUzBDkM2HDaZ3nrbRy5bygtgJmG,575,168
Naru 02701,2701,,QmZiLsFYowa69ov3DkfdisdU8JpdahFqKhLf4PdzrwGeDF,575,169
Naru 02450,2450,6000000000,QmdggXgADNTEPny3dST1vDhXWkoT7k5hRbjp7aqrhHrToL,575,170
Naru 03415,3415,,QmXcqk7W4hnugvgDc3rQSTYCWSadAkijqzCea1VyVigJBG,574,171
Naru 05872,5872,,QmRMiU6PCncW58eYGpSU3iVUUtfQebjbDERNWm2pxKppme,573,172
Naru 00122,122,,QmXSSYrNQQPFHmbx3kLFo5CAo1dr6BxyZpW8WobMcG4yti,572,173
Naru 07441,7441,,QmPfomw4HaMGqmPBSFo3sfkn4nxryxDAjsfYrbsZZvMoJg,572,174
Naru 02882,2882,,QmWVwJ8CkK5T18FSSxeVdh8CEu5yDpRUzZ7HYNYbUxDU6e,572,175
Naru 03885,3885,,QmTuw7z3JA7SQN99hzRP5A1HbMSWp5kmQRTBjBLnZyjZMt,568,176
Naru 01853,1853,2495000000,QmU7na4wyrpRbrqBxwipyHkDbHdp8VWNL3T6xdjMfYLxd8,568,177
Naru 00074,74,,QmX8ukkABWXbXDgYEvePBmrpmnYpguNsTd3XDqQ6iAthaf,565,178
Naru 02153,2153,,QmQTTAEosN7W3P6x4hGwJKQpm2c9xmGAnvt9D6MQJdwUNU,565,179
Naru 00268,268,,QmcXEJ9QdkCvP7JZwydq1w13agmuH38W5MQN3L2NaMMxjX,565,180
Naru 05953,5953,,QmcbYqqqomrPJ8kEmnMK8oKPUDpjoaNXnvH4BEVL4xtrMJ,565,181
Naru 00144,144,,QmSNG6XxQvhZSitv8QRRcHD4anuqCxx7j3f4u4jpmdbm2v,564,182
Naru 09756,9756,,QmWxCrJq86P3sS5j4mojMQJSNdUTauD4PXDqVvtKJeJLax,563,183
Naru 00858,858,,QmQtMtywFTSS8kRdJ9hU8iYHFVsK5oyx9q5NHL8VqfFvwM,563,184
Naru 01790,1790,,QmZrupDi2jLGhnyqzyY56EgQ6htgP5x3WRauaz8J75cZp9,562,185
Naru 05625,5625,,QmRaXKv5GNV9MkJjeFPabtZJrUz8Fu8Nfz8QUMxd6zMY4D,562,186
Naru 08690,8690,1990000000,QmcwuBiK9pYxw76WA6P5caz92UQGJp7e8EEUMAL7P7ommm,562,187
Naru 00567,567,,QmPFAE5tHpDowFnbmwqJfsmWPgsLSnDVCTUG9td1sfhREA,562,188
Naru 02627,2627,4200000000,QmTNn4PrvU3xJVYrvzoY5R4NqGmUVpNCUumYXJNZ5GvAFg,561,189
Naru 08994,8994,,QmUqBNr7GqpHFZccLHcDdCsPXLcndkA1YWfx5RzAKDABUV,561,190
Naru 05776,5776,,QmQDc4vawWjEDq36RMTeWqQUDCWPQz36Hfr9kKg3r5sDek,561,191
Naru 01827,1827,,QmQUfoPWFjfpY9HDWejnc8fiw2SrFYSe6YzKyebVfJ4yvL,559,192
Naru 05639,5639,,Qmf7rK4RjybMVPPCsjEGyof7A46DvZWQcLpL4WvY7EYa5b,558,193
Naru 05443,5443,,QmQNuiDBQJLaMDNVjgevbj5YqizqtHAeiYgzjbdqrMxViA,557,194
Naru 08229,8229,12000000000,QmYCWJEUSpuFdQqes371MJAE5bM26xWv6ktFMA9uEoFQWg,557,195
Naru 07175,7175,,QmQACa7hHFRVRa1JNpCxAxzC7VqmbBvzN94rhbiucYf9D7,557,196
Naru 02421,2421,,QmNf34PVN8xADuCncATFyUsZ5sZcPubkFz2K8x3iMrrZFF,556,197
Naru 03503,3503,,QmZXvasEVk73WqSxxhDPgKqoMKXjzbhvUPho1e5qUX7CYf,556,198
Naru 05001,5001,,QmPhdYqjfwpS4ymz3MuktN2W4CXctY87ePzwAVXDqPZ7NK,556,199
Naru 00088,88,,QmRLoXt7Vng6qkzvfBDP7Ga8z18mEjsi1Q22qhB5jbf6tt,555,200
Naru 05224,5224,,QmQJueWb4WBiBP2S7T1C6pBvmvUWd1n1Vz9Xt6kq55c7Er,555,201
Naru 05899,5899,3000000000,QmTCF5ua61UwYrXBwHmm29SseCeUf1rmABdRaFmuxJ3EVF,555,202
Naru 06189,6189,,QmWUfSTitxZLFWHwqaw3GcC7ZqNMhMV4S1wdMoxJRQFL2L,552,203
Naru 08502,8502,,QmVf4kSwmbnGigXQAAukRFQh96SwV5PZvZzSQNkATadqA1,551,204
Naru 07569,7569,7000000000,QmTy9SZiSJkryzM1B927JdqQXCjKCdQRUSQW5EEaw6DdZA,551,205
Naru 03685,3685,,QmVGud6j8y6hDmQAD6JJYSDAqjZqEVnAEpkTRucmZmNVK8,551,206
Naru 09691,9691,,Qmbuy7ujCPLi7ExwiVbH6tD4hGWEf19SfLUQ3iVeNp2T5j,551,207
Naru 01808,1808,,QmTDBEMctrPYm3gNbDdBmWCwTZPYwrNrqRTPP95Rr6t2pd,550,208
Naru 01029,1029,,QmaG9hpSe7AMve6ftwf6p2KGKdiMrRndWR7mV2MHnPAhGr,549,209
Naru 07379,7379,,QmX8sAPsDy2dRGZUjCkEgx6yrXnUsEnaF5hFt7ZGXzMzZf,549,210
Naru 04725,4725,,QmQX79DdDsebgVgAXkeUYWbKoTqPxnbemxTDSHrL6eameb,549,211
Naru 00599,599,,QmTY4QoRdnzjhqwUnxXkUrJqTK1wePi9kf15yKNNLghMsX,548,212
Naru 02690,2690,,Qmf1FJTvU85rkUMV8YLUZ5m8GyPGBcAouXbGMqKNdJ4dRM,548,213
Naru 09784,9784,,QmSJWiXp47UXxN1TkABYPq7KPfgY2nzhYKozJbwZfjht7a,547,214
Naru 01950,1950,,QmbNFxJRS5HPkzhcnxBrb5pTWmkmsWYKFaWc5QGLJzaFZ7,547,215
Naru 01183,1183,,QmSDbDAUuvP2tWK5dQ9NV7nrbnGLTAP3VdfvYSyoFtRmZS,547,216
Naru 04062,4062,,QmNVBYAigYkVeW8UQUcvFxqvokYmuEjQ6RFw8Px37yf1wp,546,217
Naru 01923,1923,,QmV7WkxHKyUhF2HJy6Bxui1T7jHsvwoEYL1NC9CeLuFcDc,546,218
Naru 07296,7296,,QmVVTU2RREitYugxmYA4FZ7TRmWQpmmZJo9LtRKQRJrknF,546,219
Naru 05633,5633,,QmTu5Uyp1QiZKqoKj3X252voUHtLET3xQ1tstFmV1Ac3r4,545,220
Naru 04129,4129,,QmYim3xdmGsy2bL9jCA1QuFn6WaoNP1FkXG7Zn7CY9rwPZ,544,221
Naru 06068,6068,,QmRstJKtocHM2ND29pNTfAVPLW9UhfGqfK3Qt7UYZnatYH,542,222
Naru 02862,2862,2999000000,QmWB6FDBJRffzwdyktWXuwjRJgbfssYmjnVc25ncakAHzs,542,223
Naru 05786,5786,,QmXfZExSBvW85Wfu5X1tY2q5B1H8rxda734BE2k1CBFHeC,541,224
Naru 07684,7684,,QmR9KEdxT1BuknQq73GFSXTwX4Hm9BfXcGMkSfkRKGFDRn,541,225
Naru 05379,5379,,QmRQNBfDxTseAYYgCtS4MPnibheJbNEWdcW8D9ZkzsUgeJ,540,226
Naru 04713,4713,,QmQLh3GPx13N4i4CKG81urMG2Y4qEYyz2b7Z9sKcks3jj5,540,227
Naru 01311,1311,,QmUWucDA1uHn1xqbL9fDijpoXCyy4rQBVCmq2mTGPTVMFM,538,228
Naru 05528,5528,1999000000,QmXBoyDNZM8e47GkDdWM9sCFcTSdFFqoJxSvaYcGvvS2Wx,537,229
Naru 08802,8802,,QmXa7kH2iEf8awJFL7vb8oTe7QrRWeLwM1nL69jKaFjFcB,537,230
Naru 04752,4752,,QmYRXcZCg4X9tGaYrMhHxVN7NmHjoa2J8vjTTUqscxCdkE,536,231
Naru 09943,9943,,QmbcFdCL6uai7Xp9m8jCEo2T8VPwSWnL2fTKiYcgeDLv1g,535,232
Naru 08872,8872,,Qmex62mU2yNzGePmzsVELSxoUNnAkc3Battmbp2iHX59wL,535,233
Naru 08134,8134,,QmNWVVVgtVSctRSSrbvZVahjtDRZzWSQBo7bECYGZRkkqs,535,234
Naru 09667,9667,,QmPA5b9vk7G5yKqRraK3i3YuapKFbgvU9689B9YYDksjY7,534,235
Naru 01414,1414,,Qmdghcz8UT3zYkZRHpgJZrsWBoaHNBEaboU6miXQW9WDtW,534,236
Naru 08724,8724,,QmW77E29wmckEsoFko9z5JBXmn3ayKSTP4B1xzQd2e6nC6,534,237
Naru 00182,182,,QmZfrYHfPy8UihWiYDkrwvJUKUHyuf2h9uijVSjcSiSAgF,534,238
Naru 05584,5584,,QmYTigmD9cym8rX9YN9fRBG8zczbdtSduSBFc9ASjmzCnj,534,239
Naru 00614,614,,QmSErhf9tdyFkd9ADxuoSrdspVxAA98ESomLV2aWwmRBKL,534,240
Naru 06888,6888,,QmNRr6PiY5sSjRgXyifp7CyNNLPaPu3kcwCWLRiAuyzpr9,533,241
Naru 08711,8711,,Qmeza1VKfron7GjF44oBEYLCs5AjXZan23LZ8BPaaeDun5,533,242
Naru 03273,3273,,QmPLErGYDjTgmynTjiegB5rR3B6i2sJjzAzqkGwEVrCt6n,533,243
Naru 05816,5816,,QmbfvKdXJtmam2tRJEYmmjD4LpSYsfxvM3XGA9nw1nNJKN,532,244
Naru 03788,3788,,QmV5p13qqVys3PcHpovwPr6UFMUyXi4LvsK5uxPPtDDdFh,532,245
Naru 08743,8743,4555010000,QmZYEKg1CP58J2jUAgeQ8gcxQnTgCvKeBEXChNLvqXXbKz,531,246
Naru 08626,8626,2222222200,QmTJTUHXFH2raLJYwToyD2uVprmGbyhdWuUgiY4Dcafcei,531,247
Naru 01979,1979,,QmZSCx4a1CUZk6diNLjeXMsQvgCtrukLPurjxKA2ebsGRt,530,248
Naru 07932,7932,,QmW4ykhuvzghzttudxh9RASyPN8JEhRmML8FRzPCvSQ9h3,530,249
Naru 00721,721,,QmfGc8znzLYMpK1pQoWiXkWRVAghVxDbAZ5jEfN67RJFS9,530,250
Naru 03068,3068,,QmWz9Q2Cx41rAAv5yzGve7YL63ynrgnntLjsoAmSgt39f1,529,251
Naru 06807,6807,,QmdmKnn2VQTWpYnFeR3QfRS4jULgJ2rEvgSvaLibjwZUay,529,252
Naru 01696,1696,,QmSRraj8XRTo1za2dxXuPoCKEoC2yT1QANEksa7oxNLHSe,527,253
Naru 08913,8913,,QmNa4KxP3m4HTXAUWDghvMd4Mqvp7Wcc5DNYq1VQDEVu9y,527,254
Naru 05556,5556,,QmbrDyDmCvH1rFxM9uxfBuDamN5mwvS7NgZruSfvmTaYAk,527,255
Naru 08029,8029,,QmNcYA7zLQppJUeZWdk7kw5hc2XPU1STqau2MeUnbxcx1o,527,256
Naru 05717,5717,,QmdPmpuqhsovrn59yWzB8J41dqz3H1JdsN99hxdkeBA6oj,526,257
Naru 09173,9173,,QmUCEGgop4h9TUTWLVqnfFrxoqL475MeVSADrLNRvsK3XL,526,258
Naru 03465,3465,,QmQE1fGY9MLZ3AzaZAA9T1o6Ez2R2FFEdT71qxHcJH8xhN,526,259
Naru 05710,5710,,Qmd8iVCwNk5EfMsHYB2DrpCwGhZ7nUKCvLSGUC7y1bwuKW,526,260
Naru 03585,3585,,QmagbiWYaBBgXsPMhkYUcAdMNm6qHa9bKL9oiGX7JEjjP3,526,261
Naru 07220,7220,,QmNSnawW5qB7VLwt82N8Ncy7Nd8Bg1vFnL5Sn29mGwWL3a,525,262
Naru 09890,9890,,QmQKauENZYfWaojEvtGrAsRUa5zAHNs9eVDYEceiZ4WJcz,524,263
Naru 02549,2549,3300000000,QmTFPcbXyur944m28Ro9r1RG9r7HRSAaxhyqAi98Tav8U7,524,264
Naru 05766,5766,,QmXfYHyUpBrCSWMgmHgy5gG2gn2eWoz4nycXbnSM36SJYV,523,265
Naru 03381,3381,,QmXLYBBuaHcDnCLsbr63FPprX8b9eGxgiCSfdNCYxoZ2bY,523,266
Naru 06110,6110,,QmNMUonJbAgyHkVXdcgf6nyGSJCwfrvcNYUDQ7zwE45Wvr,522,267
Naru 06912,6912,,QmTATNuVF7717VrGuhgSZnChCw53WvJtuFoyTtkQAG97T8,522,268
Naru 04956,4956,1888000000,QmauWuwiUXqduisURUZDcd75U2BYLkwpen5sXVo5X7Rnyw,521,269
Naru 02536,2536,,QmUu7Q3oUrUuGGgZtE3jZpZuaoSEroPTyjusi6HEuLqH8w,521,270
Naru 02512,2512,,QmSh8AYyo4PvacLGQR896DFLkjRoXNweTUZC436PLHDHLF,519,271
Naru 08087,8087,,QmVf2H7G9AE8ZWtDiw1xLRUyY4EsVHDFds5w46KKFyiJPv,518,272
Naru 04210,4210,,QmR7bpYyJHPqvirhujztxsRcopXHrbeSLNDzARDvgj2wfZ,518,273
Naru 01793,1793,,QmUzp7DL5dqESyPjHL2FCmYaFFfzxVRqF3nijuTDkDkWry,518,274
Naru 01410,1410,,Qmcwwuaj66u3t2765mjeAzNvW45wbzNrHcS74DhFzEicrX,517,275
Naru 02730,2730,,QmaZi3R7w6dg7xKeQvZ921Ys7gPWoLtmnbzeFYjjM5Gocb,517,276
Naru 07412,7412,9000000000,QmWnDnmxw1XH68rx1hXH8Yc7ARHhPxhwMZ41QSveNqtf7U,517,277
Naru 06076,6076,,QmS6robv2d6QYY4CRpWgTwWRNxukagAwCwKbDsbykKB3dB,517,278
Naru 07795,7795,,QmPxbC9W441uHtv5Q2knaWzh5Kx6W4fbWCNik7BCUpVyeS,516,279
Naru 03684,3684,,QmUuxWTCtjz7QaTQZotEEmkAZURPJkh85eKsGuicCR67fW,516,280
Naru 05374,5374,,QmR4bCEsw4to1N7e5xSwE912Poa3LxNWbDBfoc2dZHabgf,516,281
Naru 04650,4650,,QmZfXj9dJopsnT2pzT6Mum5ghC6fRafbCSs8xz7GUPfqWo,516,282
Naru 03616,3616,,QmeWHhq9wLagJCj8BT5EdpMTbTqrSgLdjycMgEW8JTqhby,516,283
Naru 00397,397,,QmNoFzt4JZjY7JfwikMmcdiZhsEdSTCPQ5ZPjz4RtPFgdh,516,284
Naru 05029,5029,,QmckYAo2HxtkVUiPGGd8xyAAzFxCgA1KXEerRHWs3y4RpE,516,285
Naru 00966,966,3600000000,QmV6QGUkv3SQ3dcbYMGKaxoiYvcWowFPDvso4UBrqLUiQ3,515,286
Naru 06588,6588,,QmPxpj4ff4hqcqueSSHmQyZU7ZBZs2c53SjSfZYw2hDsqA,515,287
Naru 09194,9194,,Qmc8TuzGqMwS8XvMBDPhZUobSmHuQcgkhFFcTNghWXHo6j,514,288
Naru 05487,5487,,QmaPzjaEsNZ7n6KVTXarV7FfDxpcJjNV7HDTtx1U3CTBXc,514,289
Naru 02632,2632,2000000000,QmQSAgk8kE1N58wZNhAm1BJFB9dMNvK2hExeHERMnAdgU4,514,290
Naru 09847,9847,,QmZ6oJpxoLJHzGoVnfc2V3Ge5UoUxyChDKYP5NdqX73tVX,514,291
Naru 04346,4346,,QmQEWW2VktszfTDLEfc1qYRQB4WcN8fNU3AScv22kraqYh,513,292
Naru 05013,5013,2500000000,QmNcr2RbaHyBD7qWVkctNHqFh5nKp2ST2eggST2EyaTLGt,513,293
Naru 03755,3755,,QmVoCyMxbC4BrseNK61U6hJsNqCpZgo9divyx4Db7RXUfp,513,294
Naru 00470,470,,QmUUgRp1jnKstqie9t9mS8jthH5Nu2VEQi291r1CqXuxeL,513,295
Naru 00021,21,,Qmdw7piTuMXoEH1f4DsvoChApn8JmJPoW1S3SYhNvZpAy2,512,296
Naru 04613,4613,,QmSuta3pMibCFsSYJ1NhVzssAceHn6hs2o3B2WRmPCJiAo,512,297
Naru 04263,4263,,QmQJEcgMh3aeaHiEQdHskyfgxECTorVmTqH6HSAH13uoeR,512,298
Naru 08684,8684,,QmXf7DkjtYLYvjcUvpSVTUeRqeeyW8LGLVUH4GEaZm2j7q,511,299
Naru 05423,5423,,QmVpBSvtdVC49qLBrTitvTDUdwy7XXCdoeurzeWe7wv7t2,511,300
Naru 00812,812,,QmVCuLvJE96h2HSE8vKXNppAGCHu3hGxXB7vUUJP1zAonA,510,301
Naru 05477,5477,6666000000,QmZVrnjBAbFRaUjPFwagwi5GsQ5jfn5TfZPnCyjfLS8Bjx,509,302
Naru 04843,4843,,QmTXAepsQxweDXXMHnsyTfbpPrZUp4Frf97X6JoCKdFj7d,508,303
Naru 07088,7088,,QmWiH2uCAFmzKUH2UG4YwpFXL5HSK56Z53Q678U1LFKjrU,507,304
Naru 07923,7923,,QmZdLAR2LdMvyMqT6YRi8UTo5AKYwtXGPjGasA78iP7NJj,506,305
Naru 00512,512,,QmZi2K3BsSkpY4RRu3BfqDiJuhWsy3KuzqT4gSHANwm9ML,505,306
Naru 04483,4483,,QmZe5TJdyvgv2TQXqZhhGcDcpVkGnDNJQi9btvHGgxjsPu,505,307
Naru 04549,4549,,QmcAPeUHLj8C9tF3cJ7S9UuQiVWrdWPWDvy4pemGLo64Ts,505,308
Naru 09952,9952,,QmUsvSsqXMSKozdMF6xP9Rio6PpUyBkVxyBtyEEnWTeYvU,504,309
Naru 01609,1609,1999000000,QmTafdLiprDBhCCegQP7yYz2epeCSiTyag28TrvRVganUP,504,310
Naru 08677,8677,1999000000,QmdFrLbxbN34vkCXb3S3AKTEWhZxWmRjiv3UmPkLBwQLje,504,311
Naru 03511,3511,,QmPXBLytf2zwSUvUBhmT3iFH8Bb4fUBFpePVFvipJAF13R,503,312
Naru 09369,9369,,QmcRKkFQHaVKoXPNVT2dFyASc5MfDwi9GFacC6Uq2jLxeB,503,313
Naru 09774,9774,,QmWEWqWh4LJjjAsUwtF4tuovHNMAVqHDapVrAfRQPxT75n,503,314
Naru 02041,2041,,QmW4j8YepVuLfALNr65LPzvYNNpqCZYPqnzFpJ57F2pvrU,503,315
Naru 04764,4764,,QmUT26pCMp4e5iJrN5Jpqg2Qw2mP9ysUE63vCy6wLAg1FA,503,316
Naru 03322,3322,,QmST1XbKbPofPZ8ENmAWyeiUN49Z8VHn4Tj1EaBopTw2EQ,502,317
Naru 04375,4375,,QmeQPkwuGMJMeK4v1ARV51gURfqxuyBN1UQFrJZMSGV48p,502,318
Naru 05985,5985,,QmWa1UCGqAMN4eKnoJJNxycyBMQXi1YPsZ9fE55rYvScCC,501,319
Naru 05015,5015,,QmScWZcaebF4mfHSvQsgnC29h4Wio1KTxpUqPQ2HW8Ro7s,501,320
Naru 09886,9886,,QmVkrCuJupgtxVtiPKEag4mfQrTjiQFzjCKkVh9t5bcqCC,501,321
Naru 05003,5003,,Qmbm7tLLar8br7qV7NVT2H1uVpeNCTwPZ71jrZAR6tfse8,500,322
Naru 09305,9305,,QmabFfepbUHpViUP6YP89a2Zbuyk4YDNzV8P6f4C2crxLb,500,323
Naru 09005,9005,,QmWmonCPi9YZM2d7ZvaxzgV5JVjWxAE91CV7nYot1feUAV,500,324
Naru 05416,5416,,QmazdzxwkMrLd7M5Deq4WEhguHVNdk8C3VpUj3rwSNY11q,499,325
Naru 03380,3380,,QmXrct1himsetT6DchB5k9yGMNZit7DNTEPYarvGViHJ4G,499,326
Naru 06046,6046,,QmNMPnbZr1nbwFGRHCWu2hHsWJBBsbNVcySGd2mvmu5Act,498,327
Naru 01774,1774,,QmcY6XQDUSEefDczyyYgNTjMf14CX3L69a4UHNfSzBwZKN,498,328
Naru 01092,1092,,QmNRpX4rHjAmPpSaFtHkfJkZGaQ47oMwFcvjaEZ4Ek2r5b,497,329
Naru 01287,1287,,QmQ1qnuiLzdExn3VriYDX6PMVDdmuTyniHA3b6uz3NGWdn,497,330
Naru 05632,5632,,QmQ9uchBWkBmNXUvwxoBMi8vEf8jFTyfVCSXLrNaiXr11Z,496,331
Naru 09271,9271,,QmV2quZwnZkVTDbyggRo3QN9cFT5zqRiKjFwVBD1e63Tqb,495,332
Naru 02297,2297,,QmduiwNQQzmRNaWTb5BorxQhnK1jExWXFepJzUdNZDdiAu,495,332
Naru 02546,2546,,QmTzg6bq5AVPZHJ4cNjFwzZ8UMyfC8oykVayepfjdXPM9d,495,334
Naru 04494,4494,,QmaDmYLZDfsZm9wQLYqmKYY5Qe2GzBenRTx6SboFHg5yD6,495,335
Naru 02268,2268,,QmaoRarkCStTzqbRXnwW3cKHDPkW4BqEiunoowtn2DEM7c,494,336
Naru 07449,7449,,QmZy2iMayhorfjf15ja3jwwEXR9gDgguQMfEyfQZFje8Gq,494,337
Naru 00726,726,1900000000,QmRYiHp3g9CYXUr5wKkL5stFBPLD1NFbpPuHkhzjK9E2K3,494,338
Naru 02209,2209,,QmR3ncxwMAnyyo61igXrma12JNra36baiFb9VBL5T3tFg7,493,339
Naru 03707,3707,,QmfKiYEe3DuFuHUL8ssfn6wSxUaLM5W9gdM5rPn9dd8Zq5,492,340
Naru 08445,8445,,QmTRswoNrHf391H3ffEnuiDreSXNuYnvjFT3HDvxLSiSKB,492,341
Naru 02488,2488,2750000000,QmPqH4PhaCKap7EaeimcJyJzFJW3bh9ehtzcnzFkAv6tZL,492,342
Naru 02534,2534,,QmSo54QSskCuwe7zcDrSTkxJXL8hJKoyushkyJiz3gUa8w,492,343
Naru 02794,2794,1450000000,QmU9uCwbbYCb7EJDy7eqRbZ1AF9AvEnsgBfev5zTJZsU9c,491,344
Naru 09389,9389,,QmauQYJxgxpMRanNF7XjvWq1C25EWv1VxsNQSnwrjvDs4g,491,345
Naru 05467,5467,,QmdYA7KEmKArmrBce1wK3xV51VXD8xfxn6FkvrSWsUAqNx,491,346
Naru 04782,4782,,QmZJTh9nG3UZxSiX6CLhQuwLosUVx5iih2go1sQ8V59GCo,491,347
Naru 04441,4441,,QmVmubSBYzFM4us7AGLACpN6H5Kbob5i1fa6BkzLzp6aDN,490,348
Naru 00942,942,2700000000,QmZ3Mr8JBhj3YHeaK2sSE6x6adDYaPMnQ2RiNoojyHkZh1,490,349
Naru 01409,1409,10000000000,QmT17htsMAYazX9YjNZa8pzKgsH9kY9fSduqKgJMyKPnPr,489,350
Naru 08931,8931,,QmcTZ7Xdz8BVjqTCGcquye14TCoisnf92HT9ZqrRtMat27,489,351
Naru 00430,430,,QmeLJj5D7HEvc3Kd9XFpi1ysb9BuGeRijTaJwBVTKXox35,488,352
Naru 06857,6857,1950000000,QmPBcgWgk7Pq2E4ogWrVcwc7xWYqrTyJQsorzgxdHnLKR9,487,353
Naru 00198,198,,QmSdqNa2uQTMRLtBunhK2URBhtf4zPqWwcbdeky6kDJVQQ,487,354
Naru 02665,2665,,QmZgVfHcCyriMvBGSi9RFpZ4f3y9JX84SKHA6qjVa7qLzR,486,355
Naru 08718,8718,,QmfL2Z6qYgvZDS7W5PjvoQnM7ieanFmKVtBLdYKt2qanb5,486,356
Naru 05294,5294,,QmbRFKJkbktQhfBfCBhB2PWD5uVAYKzCkYaXRAdRHSHCBx,486,357
Naru 00756,756,,QmVcfELxWLmrVE3tcKFXmYoygqSN4piorfFkoKuH5hFCbP,486,358
Naru 04181,4181,,QmUUoK8Z2xSpQJKJJ7nYE8JcgqHShWHobxgaMBwh4LhsSr,486,359
Naru 00371,371,1899000000,QmRJm898VHB9bSj6j2Z9P3k123p36VpqoafonNMmN2bpZ2,486,360
Naru 05842,5842,,QmfNpP96mJ6c9qaHirqH5xGXQeorwXufdYRLncpKFm23jZ,486,361
Naru 06717,6717,,QmQdiENzfoFuwWtavxh2qW37HM7fcMhzRG2mdxfvrFA2sy,486,362
Naru 02506,2506,,QmR7HpHQYqLHH4REhhCkr7uzghGpcaXe1nrejGCB9D6Yvg,485,363
Naru 01856,1856,,QmVsV1E8sg9oNT9dPfDfdpbUniDahUZHeYUmuTKMcZ1zQb,485,364
Naru 00752,752,,QmbXK5NSjbaoWpMYfZsaua4dJdjdR8hcn6bPSLgHzFeW62,484,365
Naru 05457,5457,,QmarUpcQ2KTCicnXFkbmNdLGhjQ38vUPVqi8MxCcZbT2BV,483,366
Naru 02203,2203,,QmV7LU96VNz7xvGcy2gymyDXzJSctdvNgSLx9Fett9r7Uo,482,367
Naru 08871,8871,,QmPCPC8uvWdBtkzAKCQjXMwVQ87Azj89WWL1osxUer2wLh,482,368
Naru 03813,3813,,QmV7MX6ohY9qqsF2UrrMSGyvUPCdsx8oDa3rCiKtQQPsct,482,369
Naru 06380,6380,,QmYipu9BEQ5DCDBqJNzVLEaFAqsWq1gbctoRb25LwLG5Jq,482,370
Naru 06396,6396,,QmRk1R92LSdveWY6hwTfj1qSCzxDH5vd2HjG8T4CpjDgxV,482,371
Naru 05938,5938,,QmQi35DXBuqZfFmQCeVSUcqSXU3Nx1RC97hsmjV6tvo3Xp,481,372
Naru 02955,2955,,QmarvqYonTACidCrg8QWjuZ8abAe7T5dmbqbV5do3FJ2ys,481,373
Naru 01198,1198,,QmSKePZjsgpLTZetXtSnugohvEurHcP7hq8NEmDfGzxCUq,481,374
Naru 09339,9339,1999000000,QmNzz6P1hT1qAuxo1gurj94mwpReMCYuVXL2JwDEnp9Jqv,480,375
Naru 07453,7453,,QmSqxWjDpkCUsm9bFCd85j9opcVyM2Bwvh7mKe9KhxtaD3,480,376
Naru 08667,8667,,QmWy28ZSa2AzqsuTsebGwFnSuRiLCXE1shC6ZY9EiGs19R,480,377
Naru 05575,5575,,Qmeb5wdjsfQ6qoLuLxDuMAFh9V5gzY2dTnG9tk94tKudQY,479,378
Naru 09159,9159,,QmTsVhztNxBAoP5zyUVGV1kw5VtGUnqEkuppt7x5utTq8o,479,379
Naru 00495,495,,QmabSB9vD8ChgjPE22GDWR7qFiNT3byLym627tm1XPuKjZ,479,380
Naru 06196,6196,,QmUSMcxcdTJFioYgZvZb2Kns48paKkALkWPZVPfSht82dV,479,381
Naru 01875,1875,,QmPQZwJ3PVLz4FT5fVHSa5UDx68wL8Ynh8cRv1Li1x2axD,477,382
Naru 00655,655,,QmXsRhwsgEPNjA5bEKm3jNqN9nPNuUCEhvNyA9J8bPU3QB,477,383
Naru 06052,6052,,QmahgE7y3SU2dtBDesNLhpBRZ4DJNzYF5cfdRAEGmnyyw8,477,384
Naru 01654,1654,,QmXXS7ggruuGN6woe1qCyrndqHZDRqt5eyJ8pZZzQAM4r1,476,385
Naru 06150,6150,,QmWSZovhkbrCVHYxBa92XLt98QvDRYGv7DKEPg2LmpF7AK,476,386
Naru 05172,5172,,QmTvDA9TH8bxrK5zM1M8V9cKsKo2Lrpi3FYfDYKu7yXMHt,476,387
Naru 00956,956,,QmQsYcxv3bipjDzAJNHJiHHKrvGnS2vWQaUEuhBpR6ivS2,476,388
Naru 07827,7827,,QmZxqvNMwZ7nQgT9XdMREqpg8SNVZcPfrwN9K85xrLF5HA,476,389
Naru 01788,1788,,QmQDphmqb2vvJSwYvQuCXB8keex8FyebHfRRUDHpgvKPPV,475,390
Naru 07528,7528,,QmXm1SPc7smJ78dvjoJgzD3NihALH7uX7fvm6thWu2Y5up,475,391
Naru 02448,2448,,QmakjEYavBEJipq9Qc3fQmhY2MLPYbswUX6v4bBPHAUyb3,475,392
Naru 06060,6060,,QmPCJNnwLznvRDY9WQMNySpPGuQ4aBMpUrfHdAfx113Xv1,475,393
Naru 09963,9963,1320000000,QmPPMpSnLp7nJPGMXtm8kGXeRBgf85447tjVuyGVr6Hth5,475,394
Naru 06272,6272,,QmWdexQCFKuZqFtMtyMJGjYMMcjJF6JDucFDPjnC9gTpJ4,474,395
Naru 08251,8251,,QmbBNTfiUZFjY3CZVSh74YT5yzyHyYunT4HkWuqZoTXSEv,474,396
Naru 01020,1020,,QmSyUNZzhwvxfzS6HsR89wWKD7mXnmm3KLbmW5huTaReD1,474,397
Naru 03180,3180,,QmZihutfq6nETYW5qDWLjwyqthi6qGSCyKSSgZ6hVM9N6C,474,398
Naru 04567,4567,,QmeT17WKM9Cwy5SkxPMKMZ7baumzAzEgz6m5wVeTKViFCL,474,399
Naru 07488,7488,,QmVKH1CAFRYg8VdG7NfC77dU8SVNyLG8eKCHQF9kvg3Po3,474,400
Naru 08075,8075,,QmdjBwdDmpsxfPAmksibAuZdbqMguxNhFMBE2ZE46tkoVV,474,401
Naru 02886,2886,,QmZ13BZTLHc7NrUVUBCTPiKbmf5Kka786KSXkW8ZSrpdzS,473,402
Naru 05540,5540,,QmTrNKzXLST3v36uo98k4cPmdXhmb3SWWbLY7rvqBBWs3Q,473,403
Naru 00412,412,,QmNX1TgKSTg5RDx4BpuABG969deseQE1n38vw3oK3puY1z,473,404
Naru 08434,8434,,QmaLyEUhdeUr7JmN9xzr4cLuzwzQeeroCiPCNzN8h2aGKP,472,405
Naru 00546,546,,QmNqF9M4bjDvGttu8nV2XKQLeMf1gfdBYs3F8ajuLoYa11,472,406
Naru 04895,4895,,QmbLYGWrZgPqbkEByup2EiUQN4eGTSunQYTG2y7BvXpyjW,472,407
Naru 06450,6450,,QmT2yBWR7sw5Vx5pp6XGLu5BeEwbvvgELASjLQYkGhYG1F,472,408
Naru 05135,5135,,QmfPdZz8ZgdptRuMt4zXpn2omXhvhb3QzNLZ9jXhyetboA,472,409
Naru 06552,6552,,QmW2e3te6XJsBd1rWjdcpE6Yu2ZymBmb9CnCnNfAbuujUV,471,410
Naru 03325,3325,,QmT1ajBSiskHh2gi9Dymb6npFBsz9EKpFH8vqQSCgZaicC,471,411
Naru 02094,2094,,Qmebh699RMjifRwR2reZX5hv6hzGKS5QHC9amAzuEh1JHQ,471,412
Naru 02148,2148,,QmRJFBdnBXUGTCtoy7ZHpgzSskQkoaHGYer1QK9NHj68hG,470,413
Naru 09495,9495,,QmRResCYKUZsFL1hbc5TurpnvC35ieSR49tnnbfH3RugkF,470,414
Naru 05041,5041,2000000000,QmeHAaYPsKLDWdd1AR7SotYtDWqrFEveUHw1mxxCubJ26c,470,415
Naru 09954,9954,,QmRAWv6A52fz8PEV165R4yndx6faqRvUcyvCN9Ffphm5Zb,469,416
Naru 08463,8463,,Qmf5DQWH1d77cgMUQyUgdoDqict6ief4ydsXKn7aMQXsoj,469,417
Naru 05759,5759,,QmXCiXAyXQbTwJmfGTTvn1ji21RSpMsydREAAwEXSivAUw,468,418
Naru 01945,1945,,QmQAKuXYy2e2RafJgxz3pqzmD6oXz4qqxFcJNmXTxfmYqy,468,419
Naru 09050,9050,,QmWACLmRhFMoghePpYe5hb26ts2HGougaJC7DZks2kWGCe,467,420
Naru 05312,5312,,QmQwAMZfQmSgf9jhTwiXo6WndCsLCNsTqhgswpXiLVJUnN,466,421
Naru 05667,5667,2499000000,QmU57XgJaetC6vp49aksUQQzcTQF8GxUbnwXLuknJSaYCP,466,422
Naru 04765,4765,,QmNgLn7YKoBsMskoojV78LJ6D57diFgpwtENrNUtdpy9bb,466,423
Naru 08557,8557,1600000000,Qmb4xEFaFfqLB4Lesa9ERkeXAbZ5KMBqpRV6gf2PUFE9fQ,465,424
Naru 02248,2248,1999000000,QmP7Hn9yHQ8BvNjkq3J32iKNRF7gh9pCU3GAQtfxLiWKRz,465,425
Naru 06472,6472,2500000000,QmU94iM2Y9BC2HCwTEUz1NQztpU5d7fPWWF2HCjRqoiktK,464,426
Naru 02638,2638,,QmTTvPGiDDBHRprTU3c4euwbbumNLXaiYckFXYr97mspsV,464,427
Naru 08337,8337,,QmQ5jmGk2dRgnas6DdJzRahwVwBrDNq7Kk3fjeMRa5JTWC,464,428
Naru 05889,5889,,QmQBMYFFZgov7k9syUdB6z6A6EhsPbrxrYos1JeN6F5RKW,463,429
Naru 08353,8353,,QmVcKRUYC54RRCGQ3ppTiHsQVfQy689L68T8w8YxtmBY1T,463,430
Naru 03633,3633,,QmSAVjZVYBvZGT3Euw6Jo6mcdi1s6QRbZE1V4MD6j8B1LD,463,431
Naru 05046,5046,,QmZTTdL1PLqFzLFEAPPgNQ2khboYeHU9Y5AiBcJNGnmU7G,463,432
Naru 07248,7248,,QmfXXfVYenbThVqRzx1CtV5xaeVswZcPwtoyP9SfC7MMNz,463,433
Naru 09537,9537,2499690000,QmWxUVkoRM5bUeC1VuT3BAxGfMKWb3nCJy9ASd1P4VNuBY,462,434
Naru 05032,5032,,Qmee7rj7vBhKyCFxq6Qcx2dWqf2TCUvHg8xa4LaHjNx9em,462,435
Naru 03919,3919,,QmTNVd8iXm3RdJDwcY6JzKvFjRvuQ3qZ5pxJ1ftNgudnwd,462,436
Naru 09434,9434,,QmPbfuFCjPHXGtG7e8P5dHwkAemydfpP86ccyU4i1DCSXt,462,437
Naru 03228,3228,,QmRZ1oKH2t9DFvVzpGYhoTJ4raQ7gLUf929qKWKUyiqRBd,462,438
Naru 05679,5679,,QmQvGM7ybvqtuJgeMVkhmvGWcw4mdmsE1GFS5fX3nS1sB4,462,439
Naru 01233,1233,,QmV23iHomUy6jfumsJpAHC1N64wPv22df6Hdk7U2KVPTGV,461,440
Naru 00336,336,,QmU9dczqWksRGrVn2HYjegAdGZ3hLCw6crWicS8moNVqYz,461,441
Naru 01086,1086,,Qmb2ujc4dpZJJkWfPV1cTMKPR9yGNBwkSYbBd3GwuCp3hM,461,442
Naru 07527,7527,11000000000,QmWdiBLV2ZQGGgw3cRD4XnLsztvUBUU7YMuXTKF5Py2dig,461,443
Naru 05785,5785,,QmT34WuZiNVc3GaxC6jt1BxoTVgj9uo2rjhQjfq6744H4N,460,444
Naru 02200,2200,,QmX16UuEBCjEqGHV5FibHK9H4BhdwgeHBdu34vgBhogadT,460,445
Naru 00193,193,,QmSydVMz88N6cHW12Dx193piXGmoW4AmU9pP2R7UfZfStx,460,446
Naru 03172,3172,,QmWq8CgU8qyKZAzgq922CDitdrBz1KsdRyq1LrzsKDVMSR,460,447
Naru 04907,4907,,QmUxhiLC97DZPwyf9AfaThbLhHtVaSqEYmHNWf37hvyaRP,460,448
Naru 09854,9854,,QmbwmodsJ8ues3Xt6kKvQiDwNsBxH4ACYRqxwWU5Eocu42,459,449
Naru 00542,542,,QmapjNGrRhC51LCBxGEpF43Gb3Crk5aXbYEw66AQY8h9N9,458,450
Naru 02038,2038,,QmWtvuU2C9AZX4wyYX2YW4rwNM7bjY1LQuwk8qx9dFjDBJ,458,451
Naru 07133,7133,,QmUzFGtTLnk9nTkDcLwGZ1VMXNb7D9CNJZi64BS8SEjseA,458,452
Naru 04596,4596,,QmY1qxom4ZtzDomZos6PnE7PoXuJUfE7swcB1LQ2GNupjt,458,453
Naru 03508,3508,,Qmeh5q4itKugqrHqWedrWTLNUZCZqgkLzUejfVNJyS2YE5,457,454
Naru 00658,658,,QmYBWMpLKw6DATdPCRk3ZXvBQbGfT5MSWf26CQgBZScw8t,457,455
Naru 06906,6906,,QmUpjC9Am67JCTvuW1z449tHG3eJ83LcxrenNK3dE6Caa3,456,456
Naru 09002,9002,2000000000,QmQJ4VzLFvtrd8DW8oZpKfwKGkLsQFcqnuKR5jYPDeJs5t,456,457
Naru 09309,9309,1475000000,QmWo9FvbE83DYegxE6SarhPEDRyftEP8kL9m59ksQexfpr,456,458
Naru 07130,7130,,QmbbXq4wJu6BAtZchCCWgZDCdjATAuuT7Jvs76ToDoCkCT,456,459
Naru 03696,3696,,QmWtpSoifefAz6eYC6bdZnEjbx3ZGKotaqVifEqrvvnuw3,456,460
Naru 06849,6849,,QmWDgLEdFgwGFZJ7XdXr8qGwRHuBAZppiRWkLJg3DyDq3W,456,461
Naru 08167,8167,1300000000,QmYKFmKUyy74Squxtf82YPsbM7nYkpjJ8HRgr5FNEAmqWK,455,462
Naru 02201,2201,,QmSnh342XV1xpCXqYZMgTbLB6kaHZjyyu5fWSdKqpaS25H,455,463
Naru 04896,4896,,QmQZcr4uXBqmMtx6yJDRgy12qffxP2DThnabzYx31Lj9Wv,455,464
Naru 08003,8003,,QmbiDVCHNiDsPhf3k1Ar6ec8m6PLnbmcmQgA1BusZuUmm3,454,465
Naru 06976,6976,2500000000,QmaKVQwAam7T6PnMan7unCkCf2KqdXTg7Y7ziiwqckqR8S,454,466
Naru 01374,1374,,QmXjy1yUrmzvDF3caHYZFNJHmBdGN79YEM9qAhpjXiJASR,454,467
Naru 03031,3031,,QmbsTiDXfr716aKWs8to5xqHGegBbT6QV4TgmwHugi2eNs,454,468
Naru 05770,5770,2450000000,Qmd1FPkdKmFz9VoDsbJMZei1vWsUYexgEWuvSJ5UGiawDu,454,469
Naru 06485,6485,,QmZFzEtbmSEdaYt4AEu6QDecZvKY8PujXGE6dQdRQAoauj,453,470
Naru 08555,8555,,QmPgwEB4gFZ4B7FWwu2aktgAHJvJMwa2K4Xfd9cdVw6eoZ,453,471
Naru 08800,8800,,QmXjN1ctRcVVuiBKNBXjpxqAFBmPBQaBwVV5iBze7tEeLu,453,472
Naru 01223,1223,,QmYKwscL6bXcTLCP95UgEVvS55pqCXUryF9GVcW1xfuUNz,453,473
Naru 00002,2,,QmRYLuA6ZLfJDHYzrezsbfeWXpZh3wRTyp49rQ67wCaXqU,453,474
Naru 06265,6265,,QmeNLhbda3qaAXwDnUmCH3rKLQyn5bkEkqift7ip9qecbg,453,475
Naru 08115,8115,,QmdvKEA4qwxAJQCGSB1Mt8omVUxg2av5ZyRRtqLi1SAfnF,452,476
Naru 08798,8798,,QmeuvjXNy8szMFqZqdUCnaqHGj4YPRoBp3Ktx5coGpRGzo,452,477
Naru 02299,2299,,QmeAzKBxmqnqXPXWjSNC4Pi1yBuhE2trY32MWCPYy6Eg8P,452,478
Naru 09236,9236,,QmdqP35B9LbpktmfRfFzKhyVoUnwWP8PL72J2E6pckrRjg,451,479
Naru 03027,3027,,QmXijNeotV15pbUpMc8msGA6yMePTDaGbgdV5K6DdEuicR,451,480
Naru 01400,1400,,QmNYvcWRH2J1WyEW6cA4a7Y6FgdzuUtmiSSoFthFMriTu1,451,481
Naru 09511,9511,,QmP1mDTRAxZVgSVzbXbMGNXFmhAbPAQEuU7Vi6cFYNsA5b,451,482
Naru 01604,1604,,QmSxgnL1hQMxMbicFqcALmUtzcAsEZLDsf7qfgSzkdkZUi,450,483
Naru 00854,854,,QmX9sNQAYB6hcU9zihZgWJEprNusEGtQNQ1AULAMyRZg7b,449,484
Naru 07350,7350,,QmfKYs9cYUk4dwTxGyY7Zga2fzxgRMeSVtkDsGCvSySifp,449,485
Naru 07754,7754,,QmW3ceY5Ri5ho3aaLdiHZDMXqi6tMWwzeSHrT1Y7PQZ2fi,449,486
Naru 03092,3092,,QmciYpufTM26VmXFokgTZkGE9MbYhEAVE1QZh18sFDaVTF,449,487
Naru 09936,9936,,QmTzBaYECVEwPHrDiU8tfQQjEJUoJy9ZkJQk1rD6xsYymK,449,488
Naru 07149,7149,,QmShdw2tNiyQcNfB7vY2Y8ywQVKJUCFBngEDVZsH4nk1eB,449,489
Naru 03168,3168,,QmYk9KZ6KV1fRaKjL6yfunQDinLB9bTzyC8zGt87rywAhE,448,490
Naru 05339,5339,2500000000,QmeeMC3b8h2M8iCt9WhruSmGV1GmLA8EJ7mkNQAx9exocP,448,491
Naru 03561,3561,,QmcsyQ8t7EFzXXeymkJxTad9wpERR8u1ZcFbe42tV5smXt,448,492
Naru 02814,2814,,QmaNQVjhSaAusULAkFsuLuSQKrKEipTq7Lvn1Z2CMmr6fr,448,493
Naru 02743,2743,,QmRoPkuAQj35xm3389ddvtZWULemEUEuPftYmotYRVVqCo,448,494
Naru 06210,6210,,QmPAVxQWgfZVmei7QB1978BpuJSi8yQXMLxn8MLNXGi2fe,448,495
Naru 00374,374,,QmWVzy3as5QUFtqfLtbZgTq8dRdHFgzyoreLmFjgXrJ54H,448,496
Naru 09303,9303,,QmYrAqz9x8yNwPybXRuYkAPw3LS4qJJ1KTjjTm49hdv3Q6,448,497
Naru 00543,543,,Qmb24UCKkFRtmYdiWfDhPo3UvBngfXV9JrYUcLjLcoNpYt,448,498
Naru 03313,3313,,QmbxFn2Vuc9wWTgGvcULe6bqRWfBXvXJgqYDkmKbyWd2oQ,447,499
Naru 06665,6665,,QmNzQkiEEHKRQwdHhHi6LiB6M5YcxnkHpRoRoC941EziNY,447,500
Naru 07671,7671,1200000000,QmY7f4ojikyqgerD4uzmBy4eTaPx49tP6A6P2JPkv6rcjZ,446,501
Naru 06397,6397,,QmTyjPhVKGSh3SFo3wZSdiJWvbia75a1K5J1nRHcSveqLU,445,502
Naru 08844,8844,,QmQsYeTvYKAw2SfQmVFyXKz1KJdYdN6dh9VK7mFuGQkDsU,445,503
Naru 02752,2752,,QmYEnEqL5RVw2vcQ3LMoijBRo1skoJNAbU2bygzHcz4YWQ,445,504
Naru 01564,1564,,Qmes1pRoPVueBbzx92ndjJrnP41ptuK4od7sy26M7anbYr,444,505
Naru 04423,4423,,QmYpUdcYqNKu2zUqTBJLKPJzCAGRHb6ZhtgPtRQgBWHUv3,444,506
Naru 07538,7538,,QmcEmWudRLMDMk4vYwwRtWLy1wPaPMfnvNwbu9ZsVaBseV,444,507
Naru 02192,2192,,QmbxQ67p2weUtnufmTQdEWTCr7Za9WseG2P1mUVxkRXtfX,444,508
Naru 05833,5833,,QmWKkQGg7Q42MHiyfXiFjJAKCQX42Qio9ZTGt1ZyXGXoSw,443,509
Naru 06063,6063,1500000000,QmWqEYDA32uaF8dZzA4KhPMuWVdEJBKK3JA9bLPKHEXamH,443,510
Naru 08364,8364,77777000000,QmTfi1cp9wSeTCCnyKpLCvwgfZXUtRFEvQJtXJ4gpMmh94,443,511
Naru 07725,7725,,Qmcpuc6MiLk8VXJJnDi3fDSMdqxwNoxU4ZxpzBNQ4VzZYB,442,512
Naru 01336,1336,,Qmcp5DhxbGjKze2X3K4GtmesB3KmPJSVfMiUrzLbKsPobc,442,513
Naru 05087,5087,,QmT5JttjaZD5q7dWnyoBHnnsza9eT6RDbewpjjz1aC3ZV4,442,514
Naru 06792,6792,,QmdGkqDWBGfU4T9oZ9NGVEzYiQEwPKpy6XNwoAixFVFw4N,442,515
Naru 00388,388,919000000,QmQnxUznzJKjfzc3UFDSy5KCyyyvWLEgTZgxyBemWBxrU7,442,516
Naru 00342,342,,QmNf5jNDMfGZ3xt2Cp6idv3TYLK24ZaB8z5FjcxphfYwoN,442,517
Naru 00225,225,,QmYEur7oocVTumqFrttxiCKfpDDnqH15bLMRAs2RST1jA1,441,518
Naru 09099,9099,,QmWpLYxaeYjP6G9D2Yo8M5XpZNX41d7gsJ6oPdRvPW6bYp,441,519
Naru 09575,9575,,QmQ5m3LFYyaCD1ia2wHDzsaS7DvtAy1MuS4jAa7YUaUMS6,441,520
Naru 00138,138,,QmcTfJ3ohtpz8hW5Let9rjL1th2KYpxpkEVCzWkWAANe37,441,521
Naru 00486,486,,QmXSccCP7tu5kWnAtQY7tUADUyPT9ucHjjfW6tqjA5JdfN,440,522
Naru 09850,9850,,QmRKrHVXkHyLjw4peFiYYvGqbfdAohMVBuPZHAW2meNQo5,440,523
Naru 07989,7989,,QmWSAqUHZ9uhf5kF2RfGbFD5yoeTWi3CxUg7b7DFRBJVvu,439,524
Naru 04575,4575,,QmWziNdZdiYs1gDbUWheNdeUT4dwLwzXQRkQcmZTHPkJnt,439,525
Naru 09328,9328,,QmTdVzLFmEL6SSzYPQGxQWLtsJLNLdzcXJyQEiDDspWXZ8,439,526
Naru 06914,6914,,QmamSn31QxBqFFDRFPp1T1NSE6iFMAdpcsansUhhZ7rzrq,439,527
Naru 09766,9766,,QmZCTe6HLeg2eASNYSxnEJU5o8kbqS59xJ5cVcDmaBnRX3,438,528
Naru 09956,9956,,QmP76P7CF8TNQw8wteKAjGatVkzGNw5umNHdw35d9M8og7,438,529
Naru 08082,8082,,QmPKcziUD8KAgurUqmrcVhhDp7cLctZEAJgb37EyseEsyC,437,530
Naru 06310,6310,,QmPAEX6AeKNTwXo5kVme5sHAdFjFEC7PoL9MUEmFpjL9g2,437,531
Naru 04369,4369,,QmepPYoZHTZ3nBwPeNJrE5ia6TockpjNcooLn9HYL5GQQC,437,532
Naru 03870,3870,,QmPgG7SuSaJN6BqXEpiBfoMaWXDFi9gN7VDCtFXGtHCXPR,437,533
Naru 02245,2245,,QmSp8ns8nu54xLKv38gJ5iWjsrHNW8LroPFYMGhUpxNBAV,437,534
Naru 09545,9545,,QmfGn6toiJnL471nvCqGkt23HM8LUwnL1fSeYuidAc41Nd,437,535
Naru 03731,3731,,QmXb5HK5LKtTh6atzAUZ9fjtMtDZtPAwPhSZSe34vTGidB,437,536
Naru 06706,6706,,QmcAUZD5qLeGp7BBgLP3wZjHxb7GjwpxEBXHQmYJFNXYcx,436,537
Naru 07182,7182,,QmbvHg3DWPDAgSvMBsSVwKbtDAhgwMiq8bLJMGHcAUrvUy,436,538
Naru 04473,4473,,QmPhMfavqNV86E6W3auwoEJQHY2jGGhHRgZEZmN3TBVNaD,436,539
Naru 03926,3926,,QmNdvHZuXJM9vUmsPCZvsS4bde5uGfq4yBFXsRka5oFEfZ,436,540
Naru 00080,80,,QmZj7VZaXGxNrbQi4d4GN9qMrfyuk8eUVWGaPB1aY1b67B,436,541
Naru 00934,934,,QmbXNB7qbBrt1HobTUmGNL38MGbgkMs7bi5va8rvxbnHHT,436,542
Naru 05526,5526,,QmfWybbbbMQEzErPhqXuSoWhbJNMxpM3scsawwwGMgCRXY,435,543
Naru 01345,1345,,QmZqaUeDqe3uyepjjbRXpAz7xRKTQFrvxNPoBBeqXXowe4,435,544
Naru 01534,1534,,QmcuDftobrrFC3trvVreLeoAXrXDVLG4nWFHw6txkHuEpf,435,545
Naru 00261,261,,QmPvwaJdH5X52zWRET4AkaJJPjhk5eS57ZivKazphMUXtT,435,546
Naru 04707,4707,,QmRHbE9CrhYk58U83mMms9EBVz2ygy8tsshtivAXmsPYw4,435,547
Naru 07816,7816,,QmPDLDFMBzBKsRWxepRhtHs4yi6pqhetdwmkPvsQsxawnA,435,548
Naru 00572,572,,QmNotPhp1T6zWF3y1AP6EduPp9CSi7b9BcHxiuhx9bAdAd,433,549
Naru 01301,1301,2500000000,QmUMYzZUudnxQDNfByH4vh3Qzc1MCDt34z5MBgJg8dc7Fn,433,550
Naru 03088,3088,,QmcCzj65JF6N77w2jfYP9xnNXwczgX7YdRDR3X58quqTqJ,433,551
Naru 02919,2919,,QmTk6KVZP1w84s3xXjJAB9RdiK1a1hgdKsQHzCnYmaV1XA,433,552
Naru 07621,7621,,QmRgivL8FYq1EEsRnhTBiX7Xcm8iZLP5KbyveTauaGY4DK,433,553
Naru 08512,8512,1200000000,QmR7H1GxE7JkK7yWTmFuryGXBotetYqxasLzPT5DRyZiXr,433,554
Naru 07058,7058,,QmejGkUngLWDsoPC1wk689p7MLwUQv4cYWM6YfBxgPXP3E,433,555
Naru 03770,3770,,QmYYp4TgbkCLZFWa8JdbEhXGbGYXFpBKSe3xvTyjFwjBQp,432,556
Naru 01156,1156,,QmXLWJ4ZoMyshuctvFoEaCfSkjESEM9fKCmjb8vHmAxrhw,432,557
Naru 07787,7787,,QmbquvexETsBLvJFCMGsq3Vh8bNd49wKaGvsEpXMK5nAHM,432,558
Naru 07984,7984,2350000000,Qmf34hzdPW3dai1wsT2grA3Hxa3HyHccUEuugJzyoHBrRw,432,559
Naru 05472,5472,,Qmd8qJFrGxVaV9yZc6dspWjXRDkkGpmcF31tkooyGFSZ2x,432,560
Naru 03383,3383,,QmZhNJ5oFQJp3sz3VdV5PDZbbMd4FxhHx1KedXEym5r3qh,431,561
Naru 05104,5104,,QmQh5zQu8KsduZUpGLvhZyxGckTHBBvMW4hGijydaQf3dw,431,562
Naru 05022,5022,,QmRaFCnpb16kYkaMECxryBNSSNGLHgVJeV8KtWXfk2FwB5,431,563
Naru 01415,1415,,QmWqhTnEZtDwEijwAm6ESCvLiSARitRv2ybM5fK3FauGXS,430,564
Naru 06329,6329,,QmNLwtLjdc4dV9HQ8GdcaWjZQU9Zzwhh1QcHF8SMN8c6Jk,430,565
Naru 05030,5030,,QmX5wpUkby8f1J7ozKxvAZggvNUitWEwxMsfA8Dt35prau,430,566
Naru 07637,7637,,QmeRMPhFBcdJgSbBZF3285Lxk33qeVBuesPp7Ey5xiRxAj,430,567
Naru 08317,8317,,QmRRsqBKvyuiDNYCcmdfeajCVjgKv7B9h7roYnCUsC3cV6,430,568
Naru 04066,4066,,QmVTMuxdhrYEKsEnEbqYUUDPTMK5JryEBzfvyVpncvatyt,429,569
Naru 02052,2052,,QmQ2iztNr9edbt9snNKiqhQKEZwFDWyHUbTwKJ3hKGQSK1,429,570
Naru 03368,3368,,QmPQ9jwpHKnwSWYHvmmWw3g6ere6mCGjLMorSuXvNHVZkU,429,571
Naru 07232,7232,,QmX6SiqcbzNTGXnBFRNp1ocz5d3qptf7vDxhxDJtQcWw6r,429,572
Naru 07718,7718,,QmaCVGzt7Gcty9372XJHcr4fYUp94STHUYSKDG2UPps3ju,429,573
Naru 03613,3613,,QmRnzEAE1PZWGos94VJg55FAex7HzZUU1vyUdRWrsCurQk,429,574
Naru 01218,1218,,QmRBFaUVDPqj3Cv4Q8MDStNRWxcuzTQk62yKVTCBYVNJFe,429,575
Naru 06667,6667,,QmU91h9ToYkpapmiYZrhhYGrCrUeRwzfiS9nAv5fqJ8KZv,428,576
Naru 03147,3147,,QmZsUEKztv98LBMWSszWsgGT8xAZ51tQFmBXekcwHbw484,428,577
Naru 06346,6346,,QmXJEHtFxv4hhSw9pPVpG67guRz2RTjQXE9a5e2xzUEhK2,427,578
Naru 07818,7818,,Qmd8ev4XbpUrSQ2T9syifQf22BzCFCaJMyUHuACGPQvg21,427,579
Naru 05143,5143,,QmcJsFSSufE5aJDFWDHLTU4xrz5e7oTUDvkbkWwHbR83Df,427,580
Naru 08042,8042,,QmcW4HcYCYcMavnTfTNQoS7Rrvhqyi4tPUBiHqfY7MoWyB,427,581
Naru 00529,529,,QmcHMNsTped3Bkj3DPWytFZgJgxsQAdJQSgiLjL49Gy6Fx,427,582
Naru 09733,9733,,QmUugCRUkdZB7uVA4J1pDuArXXGejJNbMGxmjTnjq7Vbpp,427,583
Naru 00940,940,,QmYZxuQ1xXU4FaC4SPAGGX1QDEMubMQafzCJb5f3kuUSvj,427,584
Naru 09446,9446,,QmQZsJ6N5ZFbFaus3KMJLeSKgC5wCo7RDywbivKF732D82,426,585
Naru 09791,9791,1400000000,QmdxjUNToTNCVLg1T6q4jU7j6q3RqCkdWY155QqSeRSRMA,426,586
Naru 05420,5420,,QmcM993BU8hk74qE9B6AYacBFs4kHhojqeWi3NYDb8pmkm,426,587
Naru 01584,1584,,Qmd5r1nVPeE7GUjSqPSbTChoXYGErf4DZBe8xx4UiEJB2L,426,588
Naru 06410,6410,,QmcmJtMhYBzVem5DsjxegsN5XzmTkwzJsd6xqFTLs3yLnh,426,589
Naru 05730,5730,,QmQgiKNsUnYyXhz5FbycBziaLw6kfSGG5TV6VEfQNXWRoV,425,590
Naru 00263,263,,QmbD43zVjKvxc4drcbU4qy8hgHBCfmVfiq6Lnqfh8ur48X,425,591
Naru 09674,9674,,Qmbbtw6sUtSfFhutmp2iE29X27VEqunwZHi8RnJVfvc9qf,425,592
Naru 02278,2278,2290000000,QmTV9q4itoMbdcxJWmKSgU2KJvCqv4Hwn5cxAqHzsCX4d2,425,593
Naru 06953,6953,,QmdBZTihKsTWBM3ibN3vxeX2hZY6dBYPKRkBMxB3vcGz55,425,594
Naru 00262,262,,QmXnazg3kyaQ6o5pfmUr6a52XCfiwJFtfRuJdDTVUvmZ31,425,595
Naru 03928,3928,,QmWx3wSTwdd3sD5G9F1eXcsSh1WihNnsXUZy9D5z54W9pf,424,596
Naru 09312,9312,6500000000,QmaanZ1sFtcDQcyUJCTYNZ3NEoYzaRFXQCQepo2fr3TgdC,424,597
Naru 01496,1496,,QmdWAdvPsDxZ2QQvdUbVybbaH3o42sQhfs5Pb7avmfoWo3,423,598
Naru 09637,9637,,QmPGETsWTiicn6q2XQyi9QRKxDU9oLhJX8nbk19SEMD5QT,423,599
Naru 02720,2720,,QmdWrGMwCSoTPZR2bTY73KEHKmhXBg2TzsAMkgaG9pULop,423,600
Naru 09028,9028,,QmPv57Ffj3QVXUpJnE5T9egeTSvTVW4qyJRZHRpGGFRU5w,423,601
Naru 09479,9479,,QmZNh5hUFxBGdcj3LsJbqjrMCnVP8DZA7JvLb4iXdbRaLz,423,602
Naru 05591,5591,,QmXYcUpar4bAyFBP196hLybd8ftpQxqvQkJhLaVfSgjoZ3,422,603
Naru 05307,5307,,QmUyZhhwSDzHRkU2yADTwUqkWy8S77u5n4D1qGC1wWFMJi,422,604
Naru 07127,7127,,QmdVZQfohEEPGmQXP6hMZLSf2rBte3zWyjhg9tKgWiqtqH,422,605
Naru 02428,2428,2000000000,QmaNTacAFZGbwNQAJhbVEP5Bd3EqGiwHen3uWkTaPeKdfS,422,606
Naru 02184,2184,,QmWAtbp81eqNYFkV1YVUd9m9AHacm2vbYmFtDzvP62ve1q,421,607
Naru 04288,4288,,QmPxWh1NtZwDsURVAKzLSSxPytZABB8nZQT4fXm1xZbHA8,421,608
Naru 07889,7889,,QmVeRyuF4Kph21FLUtBxVdWYZfBBVuk43e2Px8VVoQ6aiK,421,609
Naru 03385,3385,,QmTLBYFv76A4f4suk2LuuABpQ6L8yiEiUE8WF6ynD5z49E,421,610
Naru 04472,4472,2300000000,QmbSmCH9a4KBSGdXFAiPwFdWJTLtRtZi6hiRauVLGRNA2m,421,611
Naru 02579,2579,,QmRi3XukoWGDBKytjdh6U7BSoNk9bdoQzW4gAXk6ACKdRQ,421,612
Naru 02206,2206,,QmewPAePdcS12D793xHoxqWZcr51d4FBUA4ZsNKSmrUvHN,421,613
Naru 05595,5595,,QmZXDyr2bQZgDC1Y2rBDCJnjfqhY2wFmLxA76o75ppNUMt,420,614
Naru 02164,2164,,QmQVCJVQiG85YdCuTueo7hykSRyuuDekHTuFuFvHBgSwdJ,420,615
Naru 06635,6635,,QmPke6ry2BvUCHTcCiLMLdbo3824iQ3K6dXNSMF9htFHmE,420,616
Naru 09475,9475,999000000,QmQMX4vG3f6c7c3mXm1rF9a3YnpMG4oEca85M8pSmMXUB6,420,617
Naru 06941,6941,9000000000,QmfP7VASs6L4e8hYLUehT6MYmZwvotLVvYNPQUfgaPQsYD,420,618
Naru 07237,7237,,QmWLzQdZzAhTFuyYf2FonQJKV4hd4kNUFBHseviBN17DAB,420,619
Naru 03110,3110,,QmTST5tX1eSbkcRYJHPur7YdpccpY3ztvMjUYkx7kXyAYB,420,620
Naru 01589,1589,1150000000,QmVgToTG7md9M3vMveDqCb9v1q6ghE6dv1SdAggn5zs31N,419,621
Naru 09391,9391,,QmQCV3vLwNjE9g8aVBRfdMhXhWEcp3bFLWdj5cHWWjp1aY,419,622
Naru 00595,595,1200000000,QmT89V1JUrqrwGJZcn9E7ecFS26FbcAFEAUag1c2o2kuwP,419,623
Naru 02296,2296,,QmNri2nXrStYdVhsaZt2dm6BCDwYFyoCs7L9CS9GhwDHc3,418,624
Naru 06417,6417,,QmTN3feDsTkCqMjuc9d8duXEwh4EF35vt4xLFFHpzLRWJa,418,625
Naru 09729,9729,,QmTYBjqHtZTq1cmj8f8MojoTjSAkqTg4pJydTPhWrurqsK,418,626
Naru 03475,3475,,QmPuLvyPWRdFpBGCtVds6GfaLWdYd2UDWWNFS3UUMWFMz8,418,627
Naru 09065,9065,950000000,QmRGUUvAwMVTT9KRDZR8r1qK4inFxskkGK43SrcPZB7Etj,417,628
Naru 04268,4268,,QmYBSHhRUQhHurhq3zUkEhmakWYS4n9of11PBBpaX8YHCe,417,629
Naru 02791,2791,,QmVRx6tXZvRm6s3qUcGBVMNxPWrZmfS7p5naLed98yP5st,417,630
Naru 01388,1388,1050000000,QmT3zSgE1PU83W4GdMDmCwxB3Yw3YasfnknusypvtQBKpQ,417,631
Naru 03401,3401,,Qmf6hNVTA2snK2LTNKPfxf3MvGqhp1jkcQoaVc8HUXEFfT,417,632
Naru 04170,4170,,QmXooGri8gEecYBCxEHsJbcjarTUEHdQWFUhLpptvXrFuo,417,633
Naru 00782,782,,QmXNXGU5dm79pq3WMgUsF7QZQLxYGvStmPGjcbovk47fkM,417,634
Naru 07303,7303,,QmZxat1atzow4etT1U2KtrofJ82NhZxjVVBeuUzc75S6ab,416,635
Naru 05630,5630,,QmRgWzRt7xgszZ5Lyi9etPNAvigsURJnMDbx6UmyNY5wKk,416,636
Naru 01391,1391,,QmQwgE53tJkxas2fVxAL2AbtznFce5Egihk9wPjUssEa4K,416,637
Naru 03240,3240,1810000000,QmcTrQcdMFaxjFqTifN17TzJCU3M8MMy3ypoe7xxSMLDEQ,416,638
Naru 06106,6106,,QmTVS84FubAzJdobufMnXioaMTKu41ouyp8cqiqcRgvKeW,416,639
Naru 08207,8207,2500000000,Qmdu7FxxRWE7WXaLoApw5SrQ6Rw4UCnJxR3TZ88b9DZ5Kt,416,640
Naru 08926,8926,,QmUtZLKF3utTzz2i9DfubqW7MuzK13SErrmLjYtgyJneKK,415,641
Naru 07574,7574,,QmYkosQmigqeQHCXExnnRgvB3MEnpY1F5Dsxfsyr1qC7G8,415,642
Naru 04701,4701,,QmbSajqofNtkrDTRfbpz3q687wFwfcPsVHocx3gTsK7org,415,643
Naru 02077,2077,,QmSpeEeZNdupjibrPw1mHPB3wjLnWk7nYsrfwJMfD2Mp1d,415,644
Naru 00169,169,,QmbGXhRkSn8ZADWKBToriuiuBCpXTFkfMmV3d7TfUn3m5v,414,645
Naru 03779,3779,,QmTZtCU8MmiJFFLw7Go1acZj6d8f9CZnbLYtXtJNNV4zHh,414,646
Naru 02558,2558,,QmYQ93LMFLTMp8g68ZYgULD6ZxxahZBnryTHxEBAya6taG,414,647
Naru 07011,7011,,QmbqSbKnM3mQXZE8TiXv1qDia5QZTV19UYWxcgfrbtdwBY,414,648
Naru 00400,400,,QmWrjzXzc9r2Vc67XZixGNNQce7hsxNd8ZQN14Uwp1VWdG,414,649
Naru 04636,4636,,QmRvYeVnFNsCLrh5EJ2DjuJrswMJnookJXcT7GeGkKAwuF,414,650
Naru 05097,5097,,QmaX2tmDoUJh3BnhHcmMLighKsM3796vCgwVxuZ5aCaXEY,414,651
Naru 04005,4005,,QmNh7Xnog7S5DdEVKyjLs6Z5k1Hpym38AmLyATEWYdq9eG,414,652
Naru 03028,3028,,Qmdx2tEY6TSRumPZDZ4NG9GEinr7pikbxE5sF81YX6TgUn,414,653
Naru 07107,7107,,QmSBYf3CmkX2KD9z7mfNsb7NVzDJ3HFwfbRjcC2zq8GLiK,414,654
Naru 02129,2129,,QmfUqV1pmpj8NTXJTks2NMjXMZigWXME42zPA5XxWiuHFY,414,655
Naru 00114,114,,QmeVpGHYB2T8YJB4W2tmh7yYRuwcHWDvFzgLGmpRt6kxCR,413,656
Naru 08459,8459,,QmSuBZYpQo8DaN7Ss4AN72NppE1Ay39XUzAyYveLTjhTWe,413,657
Naru 03016,3016,,QmTLBaPJesUUhEMuyeUgg1ov7i9UPj14noav36qwbdWLWw,413,658
Naru 01901,1901,,QmTBpqirBvsSXXcDRvp7vRWPiZMBujXZL35pMs95dVfhNG,413,659
Naru 05536,5536,980000000,QmSAiMtPhfhaVYcymCPjoC25XvGXBQn2Z9LL7izMgmSDoh,413,660
Naru 05238,5238,,QmZCgRDvEZae7ukTv7jPQWAoCBg2MLzFF6A1HYf44os8DJ,413,661
Naru 08191,8191,1099000000,QmQ2HZ5n4jRRBMNALHpHTS7oNAFDEu7MogEM2mqgFdEReS,413,662
Naru 07247,7247,,QmUuPuqrr7u8pNJuo2qFnVKMqyUEALscmtpjbEcTRdRTSK,413,663
Naru 09768,9768,,QmRgi8mpW4Qxkv3VT8GgwDM2aeKAU8QV92mhJydmiB16Ry,412,664
Naru 09474,9474,,QmPbTcXRPaLvB1mnzft8QBWGGqgvsqixZrBCLeo61QZz5Y,412,665
Naru 05349,5349,,Qmbhdqd1cFDHfYwaKHYGyPCKsUo1iSdvQupZhwD2m9eJvp,412,666
Naru 09924,9924,,QmYezt2jThNaRVTDPvG2rEX6s3U8zZ4Jd7zXcftussiFRA,411,667
Naru 02232,2232,1260000000,QmSk9f325EDzCMDSFQFENoqVpDk4j2sznMz1bZhTgd9aBk,411,668
Naru 01753,1753,,QmfU8nG23EmKzb7mQrKE26oihzxaR6CGaKVXhwBuLxur9s,411,669
Naru 05141,5141,,QmRC3e7qGRi6aCedVBdYD28yvHEnBcNY5WHC9XEi958enM,411,670
Naru 06209,6209,1999000000,QmSrvfccCrmcpq5ac361S9UBX6cVxUDAJ4VPPpVSMJ6RPB,410,671
Naru 04797,4797,1500000000,QmQG2vobwaP1x7eCVJZb9URaoMEph19vCsThpYAw11cnJe,410,672
Naru 08396,8396,,QmNUDYgurf1mGY3oxDXHhi8DD7U3eRsN4ecB8Nbcg6VxMB,409,673
Naru 09722,9722,,QmezLjrSFLB545P7NWkmKyUuLePubafaac2UDrjKP51yZK,409,674
Naru 05852,5852,1050000000,QmZX1icA2ftgDA4YQJpCX7QcB72SY1CPwjyxSFuNPMw5yg,409,675
Naru 00760,760,,Qmdt6uCfns4DvYZHAp4mmGyYwTDRvYvXsA1GGHwRJ5Er2p,408,676
Naru 03629,3629,,QmZG8qaKFCvopqcXRDDrheFzeKKjogqikcDYXT9feRpZ7c,408,677
Naru 00917,917,,QmSmqD8VfpRVXHGDNqwXzJRNTE621XL7EedKHxuLUfppQu,408,678
Naru 03077,3077,730000000,QmQ1Ld49kqqjsjUBwf4qewCKLZmheTnNaocf2RPYdKT8eu,408,679
Naru 02214,2214,,QmQMD6FdBHuQJE9BZGHHZRc2V5yzNvSz1an579iTf64YhX,407,680
Naru 03765,3765,1500000000,QmZz9b7yKWnhe282ywpi5TQXz5Q8XNgJ42VtE4SvLu9bsw,407,681
Naru 04344,4344,,QmTGi1WRK54x4DsnryNXsXGMsRs3yBTY9MtEEF1aXxuPFx,407,682
Naru 08928,8928,,QmYe6YYvzkuQzN6FnFK74yg2jP5Ntpf7SHBCNand9cUfe6,407,683
Naru 04300,4300,,QmUhrhMZpdW5553QELjJd3A2Zh4Qoy7uVPGZxs9zHrJt1M,407,684
Naru 07676,7676,,QmW9w2HLdJEjJU1rhMfAf5Crs5CLbntkm2dnJkgqtQkZ9C,407,685
Naru 02609,2609,,Qmd74NHUF423HN4FPPbf7sv2AiAmArrefJQGtWtzz9ZwFL,406,686
Naru 08343,8343,1100000000,QmSzyiLtJwaZeudHHDsFp7emGvUMy9bPSUbj9Y2wwKQJpd,406,687
Naru 04056,4056,,QmSw6xZLLK2KLjdctkFA8jBS1Z6ov3jhSQiHvNjQk4XNQA,406,688
Naru 00054,54,,QmR1UTJ733kJ594CXJ9zGdJuDvyiGvaqKNE2e9MR2QCeza,406,689
Naru 06873,6873,,QmWUv2NnAEjRCaeZHukDXPeEWFqpR64RJYNfxq2wzsuuDk,406,690
Naru 06978,6978,,QmQTqdMRqjx7hXyfM425cTdzCxGeqgEyHAs4WWoQp7UrTU,406,691
Naru 02557,2557,,QmUQDyjmPizEtXvj7FYe13aTRjuknsA8JF8hdKqSwEcsmh,405,692
Naru 01991,1991,1091000000,QmX3PRqHtjggEFSNmYN5fjhLs1wWEu2GHzx1tPHDcebDQN,405,693
Naru 09608,9608,,QmPrmkoPRwiWYKVNPBJ2tFQw51HBG6st6ph6ptc2T9PSxJ,405,694
Naru 03650,3650,,QmeMxSS2mWfL4s1xncYe9mb7QxF6x8WTPpRvRWammFtLac,405,695
Naru 07588,7588,,QmPRZWs3UBoYTEMYkU3hoC7kQANqC6fMVabLCi9GaD3Py8,405,696
Naru 03264,3264,5000000000,QmTVLTebmb8iJakUD7sbD72w9vmhfs1v1yokjLWhwYpbpK,405,697
Naru 00779,779,1500000000,Qma3RdPnuBskxqpTnQ6MhVA8TSvt2dZSKV6rV35fYEV5W8,405,698
Naru 03458,3458,,QmSSee865cErjAowNYMh6VMJr2xaLV9P6HVnMxgNPY2thU,404,699
Naru 05783,5783,,QmeEMnW9GjiXH6uBsM7yXzTcn2qYgzCQAQN8AsafyNhi3b,404,700
Naru 09587,9587,,QmZi2qwnsUZyScb4CdBorxF9TyuZqxN3tAxEFhhT5m7iQW,404,701
Naru 02719,2719,,QmXwgMizwd9XrCy24Bnin5Czn3HE22wZHe9DKDeiS9YZo6,403,702
Naru 00584,584,,QmZs2RgknEQg26gETLLRZaX8tcRYbi6ZTqrJ5mc2h7U3ES,403,703
Naru 06157,6157,,QmNfgs6ZMicjsp45CfRYqtijgJJRjVakQhgZfafvNcNEQS,403,704
Naru 00836,836,,QmarEeUjdy4eEbut6nxLkNmyCe5a4kptGineBM5LsKDxiX,402,705
Naru 06587,6587,,QmcpPN5XZkvcVWJV8aa8NWJh8ydNkhwi2y8Gzs6hwMXPZm,402,706
Naru 09927,9927,,QmTeRy1zFFgsD8ARf2fkHibGRZt2ZMsn6L4DBHDBKMf5t3,402,707
Naru 07893,7893,,Qmb5Hza84YSCEnvDVF2MtQ9KTHSYNgzH7KobxRTg2rg2Ss,401,708
Naru 06652,6652,,QmQ9iQoQkSf1fScstURH9roVLCQZ68Q14UhqaDDpVG695B,401,709
Naru 05504,5504,,QmcpC9skju9EpETkU5oT5LFM68brKZMo868kAjcfnCN3r9,401,710
Naru 08131,8131,2499000000,Qmcwb2YJJ6rzHZcyRJ8gnjL47T1Cic2wLLf8YAb6NkAsV6,401,711
Naru 00298,298,,QmQ19ZRrNW5AoetvcN7rkcAke6tEFq42uR3s2j4rKQGV3Q,401,712
Naru 08165,8165,,QmdbN2rPchDsNTCQxqvRKRqany1WWUk1J9btPe2dPFF86P,401,713
Naru 09523,9523,2350010000,QmeJtKzKd89zvCNtJPCdDNo26hdhZSNrzLsD2soNsFv4gg,401,714
Naru 05992,5992,800000000,QmPtRhischNaUQaVneUoguy6puNjFz87GvUkmnEkH2Xh9x,401,715
Naru 08960,8960,,QmTRdwSNoQjK1YDU98JkfeG8dQUfsBhcudaJy7SBmi1LT8,400,716
Naru 06633,6633,,QmPLoWxQQ6ukrSGNv7AWDnWi65NA6TEXRRNgEYLowd6CmM,400,717
Naru 00349,349,,QmZsz4Ho1bCTT8Jbect58pyX5bPVMVFPimh9vQVPUdK9YS,400,718
Naru 04852,4852,,Qmd87AHWBjDgwyStw53tdu2jkbMrJyxxedCMofH5y2TyYa,400,719
Naru 05777,5777,,QmcJHxubum9BBgZeFyGTrHbx7Dp64vhKzg8xjgqJRXhJL8,400,720
Naru 01755,1755,,QmWpvQQd87y7ENrqSXbV6fX9QLAcrVwJ89kCSeTS165E82,399,721
Naru 09412,9412,,QmRXTEBAzaiaV8itm9iFZjL5xpfMN6vkpY5GDCGGBHwsHf,399,722
Naru 08210,8210,,QmdbUSyU7GJmhj2XvqupEFXJ1UW7CrRd8qbjQis8csrYSZ,399,723
Naru 05223,5223,,QmP8pFE2bpMEvjxvBUWx6gvc1eVtCGFAh8FLUqQgiX6U7F,399,724
Naru 01779,1779,,Qmd6sF835H1o88Whjads5xrW6bzVYiogoavQsafEYxb2Zn,399,725
Naru 06915,6915,,Qmb2HSMFkbtdWL9rWSKdSojd6hNh4Mzf9Yv8zhsABPEwBM,399,726
Naru 09263,9263,,QmYdddif76c3x46a1wRCkny4SrK4RK2L7WHxeS4Fsc2Rnm,398,727
Naru 01478,1478,,Qmc7JvMKBaj5AtaEX1hNngALcAUazDHCBCitPdkJG1CvgU,398,728
Naru 09323,9323,,QmPrZ69xmwvBNEqkSGA8wnRCxjpP8kuyYZYokhCHNhGjrs,398,729
Naru 09876,9876,,QmV3LuNHKEiQSjXDW2rW6NkaqhwnM3hy1m87zmwF5otKmy,397,730
Naru 06927,6927,6927000000,QmUrJP437oYQ1c1VZnzabesTG7guftKNuzuNe9jqeJmqxs,397,731
Naru 02942,2942,1400000000,Qmepv2WHGLBKRZvDDQy3fsFpjQG8AbA7SLo6vYkjY4QcF2,397,732
Naru 09466,9466,,QmaaAbhchR1yTgyWbdQysDLYwFs5Y3z3XPcWSegUhwhkw8,397,733
Naru 05631,5631,,QmQxfcMNWxw8R5HirMQHgezrrS486xwoBAbSdy1UvVWZbD,397,734
Naru 03393,3393,,QmVpTqvjF1So2KQMcySR1FG9wuqHvGW2uMCNTBhFXm8aUv,396,735
Naru 06035,6035,,QmaaG4AwQmm149dYYmFZtLN3pw3nQuadLvPPfngrgkcpmg,396,736
Naru 00235,235,,QmaToJM9KNAyNWPuFMeAR6E8dyfM6QnSq7V687oQthTi9f,396,737
Naru 09644,9644,,QmVEmdMtNTudtzSdAr8fHuFz8Ct4RxNiCEUHvh1ZoyH62n,396,738
Naru 00160,160,,QmUwgSh17d8YbMM3MQNgkB7gCxqSJp7NKzuoShGwoimTdX,396,739
Naru 09455,9455,,QmTrMRbtCuvXWfFdAHryMzvnmzAzBTER3zaAB2LWwm3WCP,396,740
Naru 01283,1283,1100000000,QmPtiozKgUPtpMckG5Vbw3WVgqmVS66rF7939bCnnMegod,395,741
Naru 09758,9758,749000000,QmezEYdJuU3TBnNm8jZGF1JitidW2XwhaWZoCYs84Gk6un,395,742
Naru 09750,9750,927000000,QmRkE5XS2ghAmiegXECVJvJCKPNaCNu5z7Th4Jsuw6ETTG,395,743
Naru 01666,1666,,QmW9q66WG939VoNKKWBWtv8TPsXAALXRtpJmbvVfqjGiMc,395,744
Naru 01726,1726,,QmSt6vVTTjrHaJKtUPwWDRq2z78PEdCWy8Zk91Lr59Mdcj,394,745
Naru 04604,4604,,QmNoE9v2ZzjtWDyzoEF9U5yrp5V5W77LULtfPNZghRn6qh,394,746
Naru 06479,6479,,QmP9LeHAukuS8pbENTApNB5kEJSQmCCevnDJs9pHfeY12g,393,747
Naru 06125,6125,1500000000,Qmf3Wg3borGizLUcHMtciTKS5CWyczm1Er3Kn79G37MG4z,393,748
Naru 06787,6787,,QmURqXGE4aTSUXMCBoMGGhUDm5VTGxRycwqn4iszPK6d1V,393,749
Naru 00162,162,,QmUPFjbTetuSZmFiT5tww3UGKfUewPaiL63if6n2UkzQ2m,393,750