name,rarityRank,id
Anonymity Unity Revolution 3333,1,3333
Anonymity Unity Revolution 9579,2,9579
Anonymity Unity Revolution 6577,3,6577
Anonymity Unity Revolution 5995,4,5995
Anonymity Unity Revolution 9991,5,9991
Anonymity Unity Revolution 4576,6,4576
Anonymity Unity Revolution 2578,7,2578
Anonymity Unity Revolution 7580,8,7580
Anonymity Unity Revolution 6576,9,6576
Anonymity Unity Revolution 8578,10,8578
Anonymity Unity Revolution 9995,11,9995
Anonymity Unity Revolution 7992,12,7992
Anonymity Unity Revolution 3579,13,3579
Anonymity Unity Revolution 4212,14,4212
Anonymity Unity Revolution 4642,15,4642
Anonymity Unity Revolution 3643,16,3643
Anonymity Unity Revolution 8160,17,8160
Anonymity Unity Revolution 8643,18,8643
Anonymity Unity Revolution 2159,19,2159
Anonymity Unity Revolution 6578,20,6578
Anonymity Unity Revolution 5993,21,5993
Anonymity Unity Revolution 3994,22,3994
Anonymity Unity Revolution 8579,23,8579
Anonymity Unity Revolution 1580,24,1580
Anonymity Unity Revolution 5579,25,5579
Anonymity Unity Revolution 4578,26,4578
Anonymity Unity Revolution 1995,27,1995
Anonymity Unity Revolution 6580,28,6580
Anonymity Unity Revolution 7578,29,7578
Anonymity Unity Revolution 9578,30,9578
Anonymity Unity Revolution 2993,31,2993
Anonymity Unity Revolution 8577,32,8577
Anonymity Unity Revolution 9992,33,9992
Anonymity Unity Revolution 6991,34,6991
Anonymity Unity Revolution 319,35,319
Anonymity Unity Revolution 4579,36,4579
Anonymity Unity Revolution 2580,37,2580
Anonymity Unity Revolution 1579,38,1579
Anonymity Unity Revolution 2991,39,2991
Anonymity Unity Revolution 728,40,728
Anonymity Unity Revolution 1991,41,1991
Anonymity Unity Revolution 8991,42,8991
Anonymity Unity Revolution 6992,43,6992
Anonymity Unity Revolution 7993,44,7993
Anonymity Unity Revolution 730,45,730
Anonymity Unity Revolution 6994,46,6994
Anonymity Unity Revolution 5576,47,5576
Anonymity Unity Revolution 8994,48,8994
Anonymity Unity Revolution 7995,49,7995
Anonymity Unity Revolution 316,50,316
Anonymity Unity Revolution 4991,51,4991
Anonymity Unity Revolution 5577,52,5577
Anonymity Unity Revolution 1994,53,1994
Anonymity Unity Revolution 2579,54,2579
Anonymity Unity Revolution 729,55,729
Anonymity Unity Revolution 3580,56,3580
Anonymity Unity Revolution 3577,57,3577
Anonymity Unity Revolution 318,58,318
Anonymity Unity Revolution 5578,59,5578
Anonymity Unity Revolution 5994,60,5994
Anonymity Unity Revolution 3995,61,3995
Anonymity Unity Revolution 6995,62,6995
Anonymity Unity Revolution 727,63,727
Anonymity Unity Revolution 7991,64,7991
Anonymity Unity Revolution 1993,65,1993
Anonymity Unity Revolution 1992,66,1992
Anonymity Unity Revolution 1578,67,1578
Anonymity Unity Revolution 2995,68,2995
Anonymity Unity Revolution 2576,69,2576
Anonymity Unity Revolution 9576,70,9576
Anonymity Unity Revolution 6579,71,6579
Anonymity Unity Revolution 5991,72,5991
Anonymity Unity Revolution 726,73,726
Anonymity Unity Revolution 4577,74,4577
Anonymity Unity Revolution 3992,75,3992
Anonymity Unity Revolution 4995,76,4995
Anonymity Unity Revolution 7577,77,7577
Anonymity Unity Revolution 9580,78,9580
Anonymity Unity Revolution 2992,79,2992
Anonymity Unity Revolution 8992,80,8992
Anonymity Unity Revolution 9993,81,9993
Anonymity Unity Revolution 5580,82,5580
Anonymity Unity Revolution 8993,83,8993
Anonymity Unity Revolution 3993,84,3993
Anonymity Unity Revolution 7994,85,7994
Anonymity Unity Revolution 5992,86,5992
Anonymity Unity Revolution 4580,87,4580
Anonymity Unity Revolution 8995,88,8995
Anonymity Unity Revolution 4992,89,4992
Anonymity Unity Revolution 2994,90,2994
Anonymity Unity Revolution 7579,91,7579
Anonymity Unity Revolution 320,92,320
Anonymity Unity Revolution 1576,93,1576
Anonymity Unity Revolution 4993,94,4993
Anonymity Unity Revolution 3576,95,3576
Anonymity Unity Revolution 2577,96,2577
Anonymity Unity Revolution 7576,97,7576
Anonymity Unity Revolution 3578,98,3578
Anonymity Unity Revolution 4994,99,4994
Anonymity Unity Revolution 6993,100,6993
Anonymity Unity Revolution 3991,101,3991
Anonymity Unity Revolution 9994,102,9994
Anonymity Unity Revolution 8580,103,8580
Anonymity Unity Revolution 317,104,317
Anonymity Unity Revolution 1577,105,1577
Anonymity Unity Revolution 8576,106,8576
Anonymity Unity Revolution 9577,107,9577
Anonymity Unity Revolution 8477,108,8477
Anonymity Unity Revolution 1300,109,1300
Anonymity Unity Revolution 5436,110,5436
Anonymity Unity Revolution 7710,111,7710
Anonymity Unity Revolution 6084,112,6084
Anonymity Unity Revolution 4429,113,4429
Anonymity Unity Revolution 4156,114,4156
Anonymity Unity Revolution 902,115,902
Anonymity Unity Revolution 2641,116,2641
Anonymity Unity Revolution 1999,117,1999
Anonymity Unity Revolution 6215,118,6215
Anonymity Unity Revolution 3642,119,3642
Anonymity Unity Revolution 1642,120,1642
Anonymity Unity Revolution 7645,121,7645
Anonymity Unity Revolution 3641,122,3641
Anonymity Unity Revolution 4215,123,4215
Anonymity Unity Revolution 4211,124,4211
Anonymity Unity Revolution 2156,125,2156
Anonymity Unity Revolution 7212,126,7212
Anonymity Unity Revolution 8641,127,8641
Anonymity Unity Revolution 3160,128,3160
Anonymity Unity Revolution 8158,129,8158
Anonymity Unity Revolution 1159,130,1159
Anonymity Unity Revolution 6641,131,6641
Anonymity Unity Revolution 3644,132,3644
Anonymity Unity Revolution 5159,133,5159
Anonymity Unity Revolution 9757,134,9757
Anonymity Unity Revolution 6645,135,6645
Anonymity Unity Revolution 2642,136,2642
Anonymity Unity Revolution 1997,137,1997
Anonymity Unity Revolution 3148,138,3148
Anonymity Unity Revolution 5215,139,5215
Anonymity Unity Revolution 9759,140,9759
Anonymity Unity Revolution 7214,141,7214
Anonymity Unity Revolution 9758,142,9758
Anonymity Unity Revolution 5212,143,5212
Anonymity Unity Revolution 5156,144,5156
Anonymity Unity Revolution 9760,145,9760
Anonymity Unity Revolution 1157,146,1157
Anonymity Unity Revolution 383,147,383
Anonymity Unity Revolution 4158,148,4158
Anonymity Unity Revolution 5642,149,5642
Anonymity Unity Revolution 5644,150,5644
Anonymity Unity Revolution 9641,151,9641
Anonymity Unity Revolution 1996,152,1996
Anonymity Unity Revolution 7642,153,7642
Anonymity Unity Revolution 7158,154,7158
Anonymity Unity Revolution 6642,155,6642
Anonymity Unity Revolution 7215,156,7215
Anonymity Unity Revolution 1643,157,1643
Anonymity Unity Revolution 1644,158,1644
Anonymity Unity Revolution 381,159,381
Anonymity Unity Revolution 6214,160,6214
Anonymity Unity Revolution 5213,161,5213
Anonymity Unity Revolution 6158,162,6158
Anonymity Unity Revolution 7159,163,7159
Anonymity Unity Revolution 2000,164,2000
Anonymity Unity Revolution 6160,165,6160
Anonymity Unity Revolution 9159,166,9159
Anonymity Unity Revolution 4553,167,4553
Anonymity Unity Revolution 8644,168,8644
Anonymity Unity Revolution 6157,169,6157
Anonymity Unity Revolution 2160,170,2160
Anonymity Unity Revolution 7086,171,7086
Anonymity Unity Revolution 8213,172,8213
Anonymity Unity Revolution 8645,173,8645
Anonymity Unity Revolution 8211,174,8211
Anonymity Unity Revolution 4917,175,4917
Anonymity Unity Revolution 7205,176,7205
Anonymity Unity Revolution 1360,177,1360
Anonymity Unity Revolution 1645,178,1645
Anonymity Unity Revolution 4302,179,4302
Anonymity Unity Revolution 8597,180,8597
Anonymity Unity Revolution 6433,181,6433
Anonymity Unity Revolution 157,182,157
Anonymity Unity Revolution 425,183,425
Anonymity Unity Revolution 5967,184,5967
Anonymity Unity Revolution 7533,185,7533
Anonymity Unity Revolution 7926,186,7926
Anonymity Unity Revolution 6837,187,6837
Anonymity Unity Revolution 4717,188,4717
Anonymity Unity Revolution 2823,189,2823
Anonymity Unity Revolution 4852,190,4852
Anonymity Unity Revolution 8214,191,8214
Anonymity Unity Revolution 7157,192,7157
Anonymity Unity Revolution 1158,193,1158
Anonymity Unity Revolution 576,194,576
Anonymity Unity Revolution 3146,195,3146
Anonymity Unity Revolution 3188,196,3188
Anonymity Unity Revolution 216,197,216
Anonymity Unity Revolution 9215,198,9215
Anonymity Unity Revolution 4592,199,4592
Anonymity Unity Revolution 6650,200,6650
Anonymity Unity Revolution 2593,201,2593
Anonymity Unity Revolution 4213,202,4213
Anonymity Unity Revolution 2657,203,2657
Anonymity Unity Revolution 3389,204,3389
Anonymity Unity Revolution 8105,205,8105
Anonymity Unity Revolution 8633,206,8633
Anonymity Unity Revolution 4157,207,4157
Anonymity Unity Revolution 5645,208,5645
Anonymity Unity Revolution 5168,209,5168
Anonymity Unity Revolution 3158,210,3158
Anonymity Unity Revolution 8215,211,8215
Anonymity Unity Revolution 4645,212,4645
Anonymity Unity Revolution 8156,213,8156
Anonymity Unity Revolution 2158,214,2158
Anonymity Unity Revolution 9142,215,9142
Anonymity Unity Revolution 1641,216,1641
Anonymity Unity Revolution 8792,217,8792
Anonymity Unity Revolution 4643,218,4643
Anonymity Unity Revolution 8041,219,8041
Anonymity Unity Revolution 3645,220,3645
Anonymity Unity Revolution 6643,221,6643
Anonymity Unity Revolution 7644,222,7644
Anonymity Unity Revolution 9756,223,9756
Anonymity Unity Revolution 3159,224,3159
Anonymity Unity Revolution 382,225,382
Anonymity Unity Revolution 9214,226,9214
Anonymity Unity Revolution 3150,227,3150
Anonymity Unity Revolution 3149,228,3149
Anonymity Unity Revolution 5157,229,5157
Anonymity Unity Revolution 6156,230,6156
Anonymity Unity Revolution 5160,231,5160
Anonymity Unity Revolution 5158,232,5158
Anonymity Unity Revolution 2894,233,2894
Anonymity Unity Revolution 8280,234,8280
Anonymity Unity Revolution 7913,235,7913
Anonymity Unity Revolution 973,236,973
Anonymity Unity Revolution 4456,237,4456
Anonymity Unity Revolution 7328,238,7328
Anonymity Unity Revolution 6448,239,6448
Anonymity Unity Revolution 9158,240,9158
Anonymity Unity Revolution 7781,241,7781
Anonymity Unity Revolution 5214,242,5214
Anonymity Unity Revolution 9642,243,9642
Anonymity Unity Revolution 7228,244,7228
Anonymity Unity Revolution 9676,245,9676
Anonymity Unity Revolution 7297,246,7297
Anonymity Unity Revolution 6212,247,6212
Anonymity Unity Revolution 2368,248,2368
Anonymity Unity Revolution 7438,249,7438
Anonymity Unity Revolution 3707,250,3707