name,price
BabyViking,x
BabyKnight,x
BabySamurai,x
BabyIndian,x
BabySpartan,x
BabyAlien08569,x
BabyAlien08644,x
BabyAlien07600,x
BabyAlien08425,x
BabyAlien03055,x
BabyAlien08415,x
BabyAlien00444,x
BabyAlien01530,x
BabyAlien03144,x
BabyAlien01111,x
BabyAlien06133,x
BabyAlien06135,x
BabyAlien06388,x
BabyAlien02621,x
BabyAlien09409,x
BabyAlien00888,x
BabyAlien07371,x
BabyAlien09771,x
BabyAlien02536,x
BabyAlien00984,x
BabyAlien04465,x
BabyAlien07548,x
BabyAlien07612,x
BabyAlien07957,x
BabyAlien09948,x
BabyAlien07058,x
BabyAlien00594,x
BabyAlien02567,x
BabyAlien07475,x
BabyAlien06466,x
BabyAlien08083,x
BabyAlien06085,x
BabyAlien02907,x
BabyAlien09814,x
BabyAlien00472,x
BabyAlien00869,x
BabyAlien01381,x
BabyAlien05628,x
BabyAlien04796,x
BabyAlien02583,x
BabyAlien00385,x
BabyAlien05402,x
BabyAlien01470,x
BabyAlien03653,x
BabyAlien01251,x
BabyAlien02531,x
BabyAlien01171,5500
BabyAlien04640,x
BabyAlien00519,x
BabyAlien05411,x
BabyAlien02864,x
BabyAlien08867,x
BabyAlien07314,x
BabyAlien08676,x
BabyAlien03690,x
BabyAlien01191,x
BabyAlien08230,x
BabyAlien07962,x
BabyAlien04121,x
BabyAlien02441,x
BabyAlien07797,x
BabyAlien04610,x
BabyAlien04889,x
BabyAlien04592,x
BabyAlien03918,x
BabyAlien08146,x
BabyAlien08165,x
BabyAlien00605,x
BabyAlien09669,x
BabyAlien09176,x
BabyAlien09171,x
BabyAlien08715,x
BabyAlien04034,x
BabyAlien03352,x
BabyAlien02755,x
BabyAlien05897,x
BabyAlien02814,x
BabyAlien08421,x
BabyAlien07876,x
BabyAlien04850,x
BabyAlien08496,x
BabyAlien00488,9999
BabyAlien04762,x
BabyAlien03301,x
BabyAlien04164,x
BabyAlien05949,x
BabyAlien02183,x
BabyAlien04872,x
BabyAlien03613,x
BabyAlien06423,x
BabyAlien06141,x
BabyAlien07085,x
BabyAlien09224,x
BabyAlien02885,x
BabyAlien08603,x
BabyAlien02693,x
BabyAlien08080,x
BabyAlien06862,x
BabyAlien07520,x
BabyAlien03622,x
BabyAlien01653,x
BabyAlien03683,x
BabyAlien09529,x
BabyAlien07374,x
BabyAlien06276,x
BabyAlien05272,x
BabyAlien03267,x
BabyAlien02036,x
BabyAlien03811,x
BabyAlien02084,x
BabyAlien01135,x
BabyAlien08386,x
BabyAlien07509,x
BabyAlien09102,x
BabyAlien05611,x
BabyAlien01909,x
BabyAlien01800,x
BabyAlien02003,x
BabyAlien09971,x
BabyAlien07183,x
BabyAlien07724,x
BabyAlien08791,x
BabyAlien04486,x
BabyAlien00057,x
BabyAlien05164,x
BabyAlien04067,x
BabyAlien09545,x
BabyAlien06609,x
BabyAlien09700,x
BabyAlien03469,x
BabyAlien04845,x
BabyAlien01352,x
BabyAlien06808,x
BabyAlien09156,x
BabyAlien07549,x
BabyAlien05296,x
BabyAlien00614,x
BabyAlien08156,x
BabyAlien08509,x
BabyAlien01984,x
BabyAlien02239,x
BabyAlien02291,x
BabyAlien06197,x
BabyAlien05555,x
BabyAlien06536,x
BabyAlien05500,x
BabyAlien01358,x
BabyAlien05449,x
BabyAlien04091,x
BabyAlien00549,x
BabyAlien01086,x
BabyAlien03988,x
BabyAlien09586,x
BabyAlien05524,x
BabyAlien01971,x
BabyAlien00211,x
BabyAlien00402,x
BabyAlien02823,x
BabyAlien06130,x
BabyAlien06480,x
BabyAlien03355,x
BabyAlien01347,x
BabyAlien09431,x
BabyAlien00686,x
BabyAlien07587,x
BabyAlien08384,x
BabyAlien08586,x
BabyAlien07652,x
BabyAlien02947,x
BabyAlien00412,x
BabyAlien02968,1399
BabyAlien02570,x
BabyAlien09173,x
BabyAlien09852,x
BabyAlien05058,x
BabyAlien04139,x
BabyAlien02733,x
BabyAlien02821,x
BabyAlien07613,x
BabyAlien04861,x
BabyAlien09422,x
BabyAlien03575,x
BabyAlien08252,x
BabyAlien02097,x
BabyAlien06470,x
BabyAlien09399,x
BabyAlien09150,x
BabyAlien06004,x
BabyAlien07574,x
BabyAlien02246,x
BabyAlien03831,x
BabyAlien07236,x
BabyAlien06933,x
BabyAlien01877,x
BabyAlien08730,x
BabyAlien00761,x
BabyAlien09141,x
BabyAlien03182,x
BabyAlien08713,x
BabyAlien05850,x
BabyAlien05643,x
BabyAlien07572,x
BabyAlien08541,x
BabyAlien09826,x
BabyAlien01553,x
BabyAlien04329,x
BabyAlien07360,x
BabyAlien02458,x
BabyAlien07834,x
BabyAlien03782,1980
BabyAlien06400,x
BabyAlien01699,x
BabyAlien05734,x
BabyAlien04702,x
BabyAlien09869,x
BabyAlien04666,x
BabyAlien04379,x
BabyAlien05522,x
BabyAlien03809,x
BabyAlien05750,x
BabyAlien03130,x
BabyAlien05950,x
BabyAlien01927,x
BabyAlien09045,x
BabyAlien04975,x
BabyAlien02648,x
BabyAlien00008,x
BabyAlien01342,x
BabyAlien03125,x
BabyAlien00683,x
BabyAlien06297,x
BabyAlien02503,x
BabyAlien02872,x
BabyAlien00135,x
BabyAlien06410,x
BabyAlien08069,x
BabyAlien06794,x
BabyAlien05466,x
BabyAlien01995,x
BabyAlien05338,x
BabyAlien07803,x
BabyAlien00055,x
BabyAlien03035,x
BabyAlien01644,x
BabyAlien09364,x